07/01/2019,11:24:02,Europe/London,Express Checkout Payment,GBP,-28.98,0.00,-28.98,-28.98,6X887993PW796350L,mike.hayter@routeone.co.uk,ROUTE ONE RETAIL LIMITED,,,0.00,0.00,901633,
07/01/2019,11:24:02,Europe/London,Bank Deposit to PP Account,GBP,28.98,0.00,28.98,0.00,9G8868013X642870J,,,Bank of Scotland plc,7160,0.00,0.00,901633,6X887993PW796350L
08/01/2019,10:37:06,Europe/London,Bank Deposit to PP Account,GBP,78.62,0.00,78.62,78.62,93B875558Y929961W,,,Bank of Scotland plc,7160,0.00,0.00,,2U783564E08987014
08/01/2019,10:37:06,Europe/London,General Currency Conversion,GBP,-78.62,0.00,-78.62,0.00,7RS0574545945923T,,,,,0.00,0.00,,2U783564E08987014
14/01/2019,16:59:06,Europe/London,Bank Deposit to PP Account,GBP,28.53,0.00,28.53,28.53,9TX78512T3563935R,,,Bank of Scotland plc,7160,0.00,0.00,2332292,9WA24289Y4278194W
14/01/2019,16:59:06,Europe/London,General Currency Conversion,GBP,-28.53,0.00,-28.53,0.00,8XL54888U2287940U,,,,,0.00,0.00,2332292,9WA24289Y4278194W
22/01/2019,06:53:16,Europe/London,Bank Deposit to PP Account,GBP,27.65,0.00,27.65,27.65,2NR15202HX9150510,,,Bank of Scotland plc,7160,0.00,0.00,WC-GM0019309,825832290T742190V
22/01/2019,06:53:16,Europe/London,Website Payment,GBP,-27.65,0.00,-27.65,0.00,825832290T742190V,kstowell@bewleys.co.uk,Grumpy Mule,,,0.00,0.00,WC-GM0019309,
25/01/2019,18:47:44,Europe/London,Express Checkout Payment,GBP,-33.00,0.00,-33.00,-33.00,2P962630X9477414N,PayPal.Child1@seetickets.com,Tickets,,,0.00,0.00,W1041121500,
25/01/2019,18:47:44,Europe/London,Bank Deposit to PP Account,GBP,33.00,0.00,33.00,0.00,4TS22902N8689090R,,,Bank of Scotland plc,7160,0.00,0.00,W1041121500,2P962630X9477414N
30/01/2019,14:31:24,Europe/London,Pre-approved Payment Bill User Payment,GBP,-69.95,0.00,-69.95,-69.95,55C79689SV2052602,epoch_gbp@epoch.com,Customer Service - Epoch,,,0.00,0.00,1109750154/MemberID : 2152436548,6UH575297B004423M
30/01/2019,14:31:24,Europe/London,Bank Deposit to PP Account,GBP,69.95,0.00,69.95,0.00,92D48181W2415550J,,,Bank of Scotland plc,7160,0.00,0.00,1109750154/MemberID : 2152436548,55C79689SV2052602
31/01/2019,14:29:19,Europe/London,Pre-approved Payment Bill User Payment,GBP,-34.95,0.00,-34.95,-34.95,9YE38050BC723742D,epoch_gbp@epoch.com,Customer Service - Epoch,,,0.00,0.00,1109919824/MemberID : 2152436552,3HA43540J3462454R
31/01/2019,14:29:19,Europe/London,Bank Deposit to PP Account,GBP,34.95,0.00,34.95,0.00,6TP31007Y00940826,,,Bank of Scotland plc,7160,0.00,0.00,1109919824/MemberID : 2152436552,9YE38050BC723742D
12/02/2019,17:31:10,Europe/London,Express Checkout Payment,GBP,-118.80,0.00,-118.80,-118.80,6V20237193115015N,yoiscissorsharp@hotmail.com,Yoi Scissor Sharp UK,,,0.00,0.00,c7648526958654.1,
12/02/2019,17:31:10,Europe/London,Bank Deposit to PP Account,GBP,118.80,0.00,118.80,0.00,7JC75088BK479631P,,,Bank of Scotland plc,7160,0.00,0.00,c7648526958654.1,6V20237193115015N
01/03/2019,15:20:45,Europe/London,Pre-approved Payment Bill User Payment,GBP,-34.95,0.00,-34.95,-34.95,59737737KP8819546,epoch_gbp@epoch.com,Customer Service - Epoch,,,0.00,0.00,1115583525/MemberID : 2152436552,7G027643BB612161E
01/03/2019,15:20:45,Europe/London,Bank Deposit to PP Account,GBP,34.95,0.00,34.95,0.00,1Y492766N1927994D,,,Bank of Scotland plc,7160,0.00,0.00,1115583525/MemberID : 2152436552,59737737KP8819546
14/03/2019,13:37:55,Europe/London,Express Checkout Payment,GBP,-28.76,0.00,-28.76,-28.76,5TE16283FF9855437,123finance@heg.com,123-reg Limited,,,0.00,0.00,123reg69333309,
14/03/2019,13:37:55,Europe/London,Bank Deposit to PP Account,GBP,28.76,0.00,28.76,0.00,14E34113HT8483229,,,Bank of Scotland plc,7160,0.00,0.00,123reg69333309,5TE16283FF9855437
29/03/2019,14:16:34,Europe/London,Pre-approved Payment Bill User Payment,GBP,-34.95,0.00,-34.95,-34.95,48S81322H10477057,epoch_gbp@epoch.com,Customer Service - Epoch,,,0.00,0.00,1121001739/MemberID : 2152436552,8CF31854DX937832Y
29/03/2019,14:16:34,Europe/London,Bank Deposit to PP Account,GBP,34.95,0.00,34.95,0.00,6CB94739094508217,,,Bank of Scotland plc,7160,0.00,0.00,1121001739/MemberID : 2152436552,48S81322H10477057
03/04/2019,15:42:06,Europe/London,Express Checkout Payment,GBP,-645.31,0.00,-645.31,-645.31,6SJ86387W1355711H,rcjf@astonandfincher.co.uk,Aston & Fincher,,,0.00,0.00,1000017912,
03/04/2019,15:42:06,Europe/London,Bank Deposit to PP Account,GBP,645.31,0.00,645.31,0.00,447567840G996520D,,,Bank of Scotland plc,7160,0.00,0.00,1000017912,6SJ86387W1355711H
06/04/2019,07:47:55,Europe/London,Bank Deposit to PP Account,GBP,30.15,0.00,30.15,30.15,31S86764M0686564N,,,Bank of Scotland plc,7160,0.00,0.00,WC-GM0020032,4J968260B69305812
06/04/2019,07:47:55,Europe/London,Website Payment,GBP,-30.15,0.00,-30.15,0.00,4J968260B69305812,kstowell@bewleys.co.uk,Grumpy Mule,,,0.00,0.00,WC-GM0020032,
07/04/2019,10:19:27,Europe/London,Express Checkout Payment,GBP,-54.99,0.00,-54.99,-54.99,43N99705958023000,info@sixtystores.co.uk,Sixty Stores Ltd,,,0.00,0.00,GFC-00023584,
07/04/2019,10:19:27,Europe/London,Bank Deposit to PP Account,GBP,54.99,0.00,54.99,0.00,69S10351X6147811Y,,,Bank of Scotland plc,7160,0.00,0.00,GFC-00023584,43N99705958023000
10/04/2019,20:51:13,Europe/London,Bank Deposit to PP Account,GBP,20.03,0.00,20.03,20.03,9AD94351JM252303B,,,Bank of Scotland plc,7160,0.00,0.00,,4CP17995SB050023W
10/04/2019,20:51:13,Europe/London,General Currency Conversion,GBP,-20.03,0.00,-20.03,0.00,7L471341FU681325D,,,,,0.00,0.00,,4CP17995SB050023W
12/04/2019,08:31:16,Europe/London,Express Checkout Payment,GBP,-117.90,0.00,-117.90,-117.90,63D02486GK265890V,sales@saloneasy.com,saloneasy.com,,,2.46,0.00,140041292,
12/04/2019,08:31:16,Europe/London,Bank Deposit to PP Account,GBP,117.90,0.00,117.90,0.00,033222245H432394W,,,Bank of Scotland plc,7160,2.46,0.00,140041292,63D02486GK265890V
17/04/2019,13:32:06,Europe/London,Express Checkout Payment,GBP,-297.00,0.00,-297.00,-297.00,0CW650201Y2582706,webaftersales@richersounds.com,Richer Sounds Plc,,,0.00,0.00,538632,31D122635A747034J
17/04/2019,13:32:06,Europe/London,Bank Deposit to PP Account,GBP,297.00,0.00,297.00,0.00,00B879563F474120N,,,Bank of Scotland plc,7160,0.00,0.00,538632,0CW650201Y2582706
20/04/2019,03:05:41,Europe/London,Pre-approved Payment Bill User Payment,GBP,-62.35,0.00,-62.35,-62.35,1BT791022E935704S,123finance@heg.com,123-reg Limited,,,0.00,0.00,123reg70087399,B-96412555X24819038
20/04/2019,03:05:41,Europe/London,Bank Deposit to PP Account,GBP,62.35,0.00,62.35,0.00,6HG76254ED950115N,,,Bank of Scotland plc,7160,0.00,0.00,123reg70087399,1BT791022E935704S
23/04/2019,10:54:06,Europe/London,Express Checkout Payment,GBP,-209.60,0.00,-209.60,-209.60,9KT52676U5230943G,paypal.virgintrains@trainsfares.co.uk,Virgin Trains,,,0.00,0.00,2460135263,
23/04/2019,10:54:06,Europe/London,Bank Deposit to PP Account,GBP,209.60,0.00,209.60,0.00,1UU90640DK574482C,,,Bank of Scotland plc,7160,0.00,0.00,2460135263,9KT52676U5230943G
24/04/2019,08:09:06,Europe/London,Bank Deposit to PP Account,GBP,30.39,0.00,30.39,30.39,7YP13925UC231862E,,,Bank of Scotland plc,7160,0.00,0.00,WC-GM0020214,1VW86606JK833430A
24/04/2019,08:09:06,Europe/London,Website Payment,GBP,-30.39,0.00,-30.39,0.00,1VW86606JK833430A,kstowell@bewleys.co.uk,Grumpy Mule,,,0.00,0.00,WC-GM0020214,
29/04/2019,15:17:23,Europe/London,Pre-approved Payment Bill User Payment,GBP,-34.95,0.00,-34.95,-34.95,88N77737R26286940,epoch_gbp@epoch.com,Customer Service - Epoch,,,0.00,0.00,1126775925/MemberID : 2152436552,38R99945E4800362E
29/04/2019,15:17:23,Europe/London,Bank Deposit to PP Account,GBP,34.95,0.00,34.95,0.00,2V272253PE799650C,,,Bank of Scotland plc,7160,0.00,0.00,1126775925/MemberID : 2152436552,88N77737R26286940
30/04/2019,14:18:58,Europe/London,Pre-approved Payment Bill User Payment,GBP,-69.95,0.00,-69.95,-69.95,51L61387VH554942W,epoch_gbp@epoch.com,Customer Service - Epoch,,,0.00,0.00,1126947710/MemberID : 2152436548,9LM68164F0629404A
30/04/2019,14:18:58,Europe/London,Bank Deposit to PP Account,GBP,69.95,0.00,69.95,0.00,0VU066261E1780058,,,Bank of Scotland plc,7160,0.00,0.00,1126947710/MemberID : 2152436548,51L61387VH554942W
07/05/2019,15:59:45,Europe/London,Bank Deposit to PP Account,GBP,24.55,0.00,24.55,24.55,7FH76688FU8587443,,,Bank of Scotland plc,7160,0.00,0.00,872d5887b4224926bc85f51b15865e3c,9WT8845246612862W
07/05/2019,15:59:45,Europe/London,General Currency Conversion,GBP,-24.55,0.00,-24.55,0.00,0MD859783V997442W,,,,,0.00,0.00,872d5887b4224926bc85f51b15865e3c,9WT8845246612862W
08/05/2019,16:50:37,Europe/London,Express Checkout Payment,GBP,-774.67,0.00,-774.67,-774.67,1R4028831M862833F,rcjf@astonandfincher.co.uk,Aston & Fincher,,,0.00,0.00,1000019142,
08/05/2019,16:50:37,Europe/London,Bank Deposit to PP Account,GBP,774.67,0.00,774.67,0.00,6A209756RN626871N,,,Bank of Scotland plc,7160,0.00,0.00,1000019142,1R4028831M862833F
16/05/2019,08:46:12,Europe/London,Bank Deposit to PP Account,GBP,28.74,0.00,28.74,28.74,04J392119W747222U,,,Bank of Scotland plc,7160,0.00,0.00,WC-GM0020442,7DJ30237XT0784131
16/05/2019,08:46:12,Europe/London,Website Payment,GBP,-28.74,0.00,-28.74,0.00,7DJ30237XT0784131,kstowell@bewleys.co.uk,Grumpy Mule,,,0.00,0.00,WC-GM0020442,
28/05/2019,19:10:47,Europe/London,Express Checkout Payment,GBP,-11.99,0.00,-11.99,-11.99,7G00098266796973L,payments-eur@udemy.com,"Udemy Ireland, Ltd",,,0.00,0.00,,
28/05/2019,19:10:47,Europe/London,Bank Deposit to PP Account,GBP,11.99,0.00,11.99,0.00,5YA28082EY7445706,,,Bank of Scotland plc,7160,0.00,0.00,,7G00098266796973L
29/05/2019,15:14:58,Europe/London,Pre-approved Payment Bill User Payment,GBP,-34.95,0.00,-34.95,-34.95,56J05439RF525451Y,epoch_gbp@epoch.com,Customer Service - Epoch,,,0.00,0.00,1132480136/MemberID : 2152436552,7T4444417J3384119
29/05/2019,15:14:58,Europe/London,Bank Deposit to PP Account,GBP,34.95,0.00,34.95,0.00,9VB26067R9784771G,,,Bank of Scotland plc,7160,0.00,0.00,1132480136/MemberID : 2152436552,56J05439RF525451Y
06/06/2019,14:13:51,Europe/London,Express Checkout Payment,GBP,-0.99,0.00,-0.99,-0.99,6WB16110CW457290H,premium-gbp@spotify.com,Spotify Finance Limited,,,0.00,0.00,P0B3703324,19Y2516345881342V
06/06/2019,14:13:51,Europe/London,Bank Deposit to PP Account,GBP,0.99,0.00,0.99,0.00,9X702093JN516221L,,,Bank of Scotland plc,7160,0.00,0.00,P0B3703324,6WB16110CW457290H
09/06/2019,13:35:20,Europe/London,Pre-approved Payment Bill User Payment,GBP,-175.50,0.00,-175.50,-175.50,3DA874646L998393F,paypaluk@ticketmaster.co.uk,Ticketmaster UK Limited,,,0.00,0.00,105755252,B-1Y052376WT318574M
09/06/2019,13:35:20,Europe/London,Bank Deposit to PP Account,GBP,175.50,0.00,175.50,0.00,2G929029EJ1435105,,,Bank of Scotland plc,7160,0.00,0.00,105755252,3DA874646L998393F
13/06/2019,05:37:54,Europe/London,Pre-approved Payment Bill User Payment,GBP,-62.35,0.00,-62.35,-62.35,5JL087764P509873U,123finance@heg.com,123-reg Limited,,,0.00,0.00,123reg71218057,B-96412555X24819038
13/06/2019,05:37:54,Europe/London,Bank Deposit to PP Account,GBP,62.35,0.00,62.35,0.00,3YR04301PR274862L,,,Bank of Scotland plc,7160,0.00,0.00,123reg71218057,5JL087764P509873U
19/06/2019,11:00:06,Europe/London,Express Checkout Payment,GBP,-189.05,0.00,-189.05,-189.05,20T02997LV168612H,paypal@travelodge.co.uk,Travelodge Hotels Limited,,,0.00,0.00,CS01:48EE951,
19/06/2019,11:00:06,Europe/London,Bank Deposit to PP Account,GBP,189.05,0.00,189.05,0.00,7LL42277GX583733H,,,Bank of Scotland plc,7160,0.00,0.00,CS01:48EE951,20T02997LV168612H
25/06/2019,14:13:18,Europe/London,Bank Deposit to PP Account,GBP,40.73,0.00,40.73,40.73,8AE69459XM0124934,,,Bank of Scotland plc,7160,0.00,0.00,Yx1TCZN1e-GOrHGX-7oSww==,13E05032XM964415S
25/06/2019,14:13:18,Europe/London,General Currency Conversion,GBP,-40.73,0.00,-40.73,0.00,4J1280269H8625230,,,,,0.00,0.00,Yx1TCZN1e-GOrHGX-7oSww==,13E05032XM964415S
29/06/2019,15:05:36,Europe/London,Pre-approved Payment Bill User Payment,GBP,-34.95,0.00,-34.95,-34.95,33662504G66830828,epoch_gbp@epoch.com,Customer Service - Epoch,,,0.00,0.00,1138453237/MemberID : 2152436552,3AM03250KE0195539
29/06/2019,15:05:36,Europe/London,Bank Deposit to PP Account,GBP,34.95,0.00,34.95,0.00,3L6888505E760591C,,,Bank of Scotland plc,7160,0.00,0.00,1138453237/MemberID : 2152436552,33662504G66830828
02/07/2019,13:02:58,Europe/London,Express Checkout Payment,GBP,-910.18,0.00,-910.18,-910.18,9H775513JJ945351L,rcjf@astonandfincher.co.uk,Aston & Fincher,,,0.00,0.00,1000022160,
02/07/2019,13:02:58,Europe/London,Bank Deposit to PP Account,GBP,910.18,0.00,910.18,0.00,4B8542703N0297805,,,Bank of Scotland plc,7160,0.00,0.00,1000022160,9H775513JJ945351L
15/07/2019,20:26:56,Europe/London,Bank Deposit to PP Account,GBP,40.56,0.00,40.56,40.56,37Y60142UA213893K,,,Bank of Scotland plc,7160,0.00,0.00,2129308,839347150X5810414
15/07/2019,20:26:56,Europe/London,General Currency Conversion,GBP,-40.56,0.00,-40.56,0.00,13V93032R92894100,,,,,0.00,0.00,2129308,839347150X5810414
18/07/2019,21:19:41,Europe/London,Bank Deposit to PP Account,GBP,102.91,0.00,102.91,102.91,4U774028EF0398108,,,Bank of Scotland plc,7160,19.98,0.00,8400152_1477230424,6NL92107952159646
18/07/2019,21:19:41,Europe/London,General Currency Conversion,GBP,-102.91,0.00,-102.91,0.00,2D407365XC0982140,,,,,19.98,0.00,8400152_1477230424,6NL92107952159646
29/07/2019,15:07:29,Europe/London,Pre-approved Payment Bill User Payment,GBP,-34.95,0.00,-34.95,-34.95,6TY77437W0447245U,epoch_gbp@epoch.com,Customer Service - Epoch,,,0.00,0.00,1144274808/MemberID : 2152436552,5L600792V29104153
29/07/2019,15:07:29,Europe/London,Bank Deposit to PP Account,GBP,34.95,0.00,34.95,0.00,3HC80846UL261235C,,,Bank of Scotland plc,7160,0.00,0.00,1144274808/MemberID : 2152436552,6TY77437W0447245U
30/07/2019,14:23:31,Europe/London,Pre-approved Payment Bill User Payment,GBP,-69.95,0.00,-69.95,-69.95,7UB73951RX415172F,epoch_gbp@epoch.com,Customer Service - Epoch,,,0.00,0.00,1144446679/MemberID : 2152436548,92137329TV886214W
30/07/2019,14:23:31,Europe/London,Bank Deposit to PP Account,GBP,69.95,0.00,69.95,0.00,2W521291PK8172738,,,Bank of Scotland plc,7160,0.00,0.00,1144446679/MemberID : 2152436548,7UB73951RX415172F
15/08/2019,08:48:27,Europe/London,Express Checkout Payment,GBP,-15.90,0.00,-15.90,-15.90,1EM25116R89321119,sales@saloneasy.com,saloneasy.com,,,0.00,0.00,140043338,
15/08/2019,08:48:27,Europe/London,Bank Deposit to PP Account,GBP,15.90,0.00,15.90,0.00,84B97157VS864100B,,,Bank of Scotland plc,7160,0.00,0.00,140043338,1EM25116R89321119
22/08/2019,14:08:50,Europe/London,Express Checkout Payment,GBP,-43.23,0.00,-43.23,-43.23,7HY63061JM234951E,epochrow_gbp@epoch.com,epoch.com,,,0.00,0.00,1148787884/MemberID : 2264863946,4GC62561D4580271A
22/08/2019,14:08:50,Europe/London,Bank Deposit to PP Account,GBP,43.23,0.00,43.23,0.00,61096451PJ442191E,,,Bank of Scotland plc,7160,0.00,0.00,1148787884/MemberID : 2264863946,7HY63061JM234951E
25/08/2019,08:33:14,Europe/London,Bank Deposit to PP Account,GBP,14.30,0.00,14.30,14.30,8K646516GK974730B,,,Bank of Scotland plc,7160,0.00,0.00,100063185,86C26666KF4362259
25/08/2019,08:33:14,Europe/London,General Currency Conversion,GBP,-14.30,0.00,-14.30,0.00,2BB47611G3018133D,,,,,0.00,0.00,100063185,86C26666KF4362259
29/08/2019,15:03:02,Europe/London,Pre-approved Payment Bill User Payment,GBP,-34.95,0.00,-34.95,-34.95,46023810K4460281L,epoch_gbp@epoch.com,Customer Service - Epoch,,,0.00,0.00,1150128074/MemberID : 2152436552,3GU13950TX803672T
29/08/2019,15:03:02,Europe/London,Bank Deposit to PP Account,GBP,34.95,0.00,34.95,0.00,4HK54330N0077935A,,,Bank of Scotland plc,7160,0.00,0.00,1150128074/MemberID : 2152436552,46023810K4460281L
30/08/2019,12:30:29,Europe/London,Express Checkout Payment,GBP,-19.99,0.00,-19.99,-19.99,5YF40620BB977531S,paypalpayments@cartridgepeople.com,The Cartridge People Ltd,,,0.00,0.00,BK0d5d961a-9a8d-44de-895a-9149539e4752-LA,
30/08/2019,12:30:29,Europe/London,Bank Deposit to PP Account,GBP,19.99,0.00,19.99,0.00,0UL955540D5120923,,,Bank of Scotland plc,7160,0.00,0.00,BK0d5d961a-9a8d-44de-895a-9149539e4752-LA,5YF40620BB977531S
06/09/2019,14:13:59,Europe/London,Pre-approved Payment Bill User Payment,GBP,-9.99,0.00,-9.99,-9.99,6BK656884G493960G,premium-gbp@spotify.com,Spotify Finance Limited,,,0.00,0.00,P0CA3241A6,4EM93599J04100521
06/09/2019,14:13:59,Europe/London,Bank Deposit to PP Account,GBP,9.99,0.00,9.99,0.00,1UE01352KA334401K,,,Bank of Scotland plc,7160,0.00,0.00,P0CA3241A6,6BK656884G493960G
29/09/2019,15:03:30,Europe/London,Pre-approved Payment Bill User Payment,GBP,-34.95,0.00,-34.95,-34.95,9N446356EP900910D,epoch_gbp@epoch.com,Customer Service - Epoch,,,0.00,0.00,1155953643/MemberID : 2152436552,78P569137M717513D
29/09/2019,15:03:30,Europe/London,Bank Deposit to PP Account,GBP,34.95,0.00,34.95,0.00,9R9443515A3869607,,,Bank of Scotland plc,7160,0.00,0.00,1155953643/MemberID : 2152436552,9N446356EP900910D
03/10/2019,08:06:33,Europe/London,Bank Deposit to PP Account,GBP,36.50,0.00,36.50,36.50,1H914691M9127740D,,,Bank of Scotland plc,7160,0.00,0.00,WC-GM0021814,2W800148TD0256843
03/10/2019,08:06:33,Europe/London,Website Payment,GBP,-36.50,0.00,-36.50,0.00,2W800148TD0256843,kstowell@bewleys.co.uk,Grumpy Mule,,,0.00,0.00,WC-GM0021814,
03/10/2019,13:30:50,Europe/London,Express Checkout Payment,GBP,-516.00,0.00,-516.00,-516.00,1DN92814VE7520926,rcjf@astonandfincher.co.uk,Aston & Fincher,,,0.00,0.00,1000028072,
03/10/2019,13:30:50,Europe/London,Bank Deposit to PP Account,GBP,516.00,0.00,516.00,0.00,8RB91382YA744931C,,,Bank of Scotland plc,7160,0.00,0.00,1000028072,1DN92814VE7520926
03/10/2019,15:59:23,Europe/London,Express Checkout Payment,GBP,-150.00,0.00,-150.00,-150.00,2HL13799B40488036,paypal.virgintrains@trainsfares.co.uk,Virgin Trains,,,0.00,0.00,2504528120,
03/10/2019,15:59:23,Europe/London,Bank Deposit to PP Account,GBP,150.00,0.00,150.00,0.00,8MP50649860178715,,,Bank of Scotland plc,7160,0.00,0.00,2504528120,2HL13799B40488036
06/10/2019,14:13:59,Europe/London,Pre-approved Payment Bill User Payment,GBP,-9.99,0.00,-9.99,-9.99,94776964UT381752P,premium-gbp@spotify.com,Spotify Finance Limited,,,0.00,0.00,P0D0841752,18R78078DF849544R
06/10/2019,14:13:59,Europe/London,Bank Deposit to PP Account,GBP,9.99,0.00,9.99,0.00,2AP3264697495452W,,,Bank of Scotland plc,7160,0.00,0.00,P0D0841752,94776964UT381752P
12/10/2019,19:24:08,Europe/London,Pre-approved Payment Bill User Payment,GBP,-9.99,0.00,-9.99,-9.99,3CW981859S283424G,premium-gbp@spotify.com,Spotify Finance Limited,,,0.00,0.00,P0D1AED253,0TT55102AD5594018
12/10/2019,19:24:08,Europe/London,Bank Deposit to PP Account,GBP,9.99,0.00,9.99,0.00,9DN528244M578441R,,,Bank of Scotland plc,7160,0.00,0.00,P0D1AED253,3CW981859S283424G
15/10/2019,22:42:01,Europe/London,Pre-approved Payment Bill User Payment,GBP,-50.36,0.00,-50.36,-50.36,6F272540WT031222D,123finance@heg.com,123-reg Limited,,,0.00,0.00,,B-96412555X24819038
15/10/2019,22:42:01,Europe/London,Bank Deposit to PP Account,GBP,50.36,0.00,50.36,0.00,0JG94712KS7454200,,,Bank of Scotland plc,7160,0.00,0.00,,6F272540WT031222D
20/10/2019,03:08:39,Europe/London,Pre-approved Payment Bill User Payment,GBP,-11.99,0.00,-11.99,-11.99,0UL64350DU954840L,123finance@heg.com,123-reg Limited,,,0.00,0.00,,B-96412555X24819038
20/10/2019,03:08:39,Europe/London,Bank Deposit to PP Account,GBP,11.99,0.00,11.99,0.00,01D26912LC9693408,,,Bank of Scotland plc,7160,0.00,0.00,,0UL64350DU954840L
29/10/2019,14:01:08,Europe/London,Pre-approved Payment Bill User Payment,GBP,-34.95,0.00,-34.95,-34.95,0SB882663D499714V,epoch_gbp@epoch.com,Customer Service - Epoch,,,0.00,0.00,1162129604/MemberID : 2152436552,97M71769MV394330Y
29/10/2019,14:01:08,Europe/London,Bank Deposit to PP Account,GBP,34.95,0.00,34.95,0.00,3A005545A44243728,,,Bank of Scotland plc,7160,0.00,0.00,1162129604/MemberID : 2152436552,0SB882663D499714V
30/10/2019,13:27:29,Europe/London,Pre-approved Payment Bill User Payment,GBP,-69.95,0.00,-69.95,-69.95,28F5266628724600P,epoch_gbp@epoch.com,Customer Service - Epoch,,,0.00,0.00,1162302220/MemberID : 2152436548,4R855532MA979802S
30/10/2019,13:27:29,Europe/London,Bank Deposit to PP Account,GBP,69.95,0.00,69.95,0.00,1WG91850B7474292U,,,Bank of Scotland plc,7160,0.00,0.00,1162302220/MemberID : 2152436548,28F5266628724600P
06/11/2019,13:14:03,Europe/London,Pre-approved Payment Bill User Payment,GBP,-9.99,0.00,-9.99,-9.99,5HE294451F434813P,premium-gbp@spotify.com,Spotify Finance Limited,,,0.00,0.00,P0D64A2CBE,6GW712903X414935V
06/11/2019,13:14:03,Europe/London,Bank Deposit to PP Account,GBP,9.99,0.00,9.99,0.00,3EP51126U13583708,,,Bank of Scotland plc,7160,0.00,0.00,P0D64A2CBE,5HE294451F434813P
12/11/2019,18:24:11,Europe/London,Pre-approved Payment Bill User Payment,GBP,-9.99,0.00,-9.99,-9.99,04R17896YG985035Y,premium-gbp@spotify.com,Spotify Finance Limited,,,0.00,0.00,P0D762CA45,99151549XW8114521
12/11/2019,18:24:11,Europe/London,Bank Deposit to PP Account,GBP,9.99,0.00,9.99,0.00,1W265901XD295625H,,,Bank of Scotland plc,7160,0.00,0.00,P0D762CA45,04R17896YG985035Y
21/11/2019,21:44:08,Europe/London,Express Checkout Payment,GBP,-9.99,0.00,-9.99,-9.99,62U07212SC1120716,payments-eur@udemy.com,"Udemy Ireland, Ltd",,,0.00,0.00,,
21/11/2019,21:44:08,Europe/London,Bank Deposit to PP Account,GBP,9.99,0.00,9.99,0.00,4E957172VU0404703,,,Bank of Scotland plc,7160,0.00,0.00,,62U07212SC1120716
22/11/2019,14:37:08,Europe/London,Pre-approved Payment Bill User Payment,GBP,-43.23,0.00,-43.23,-43.23,8SK95529EM153330T,epochrow_gbp@epoch.com,epoch.com,,,0.00,0.00,1166553766/MemberID : 2264863946,9X7537065E795430W
22/11/2019,14:37:08,Europe/London,Bank Deposit to PP Account,GBP,43.23,0.00,43.23,0.00,11117952EH101663C,,,Bank of Scotland plc,7160,0.00,0.00,1166553766/MemberID : 2264863946,8SK95529EM153330T
26/11/2019,10:14:36,Europe/London,Express Checkout Payment,GBP,-854.40,0.00,-854.40,-854.40,59517791CE9855111,rcjf@astonandfincher.co.uk,Aston & Fincher,,,0.00,0.00,1000031337,
26/11/2019,10:14:36,Europe/London,Bank Deposit to PP Account,GBP,854.40,0.00,854.40,0.00,0KT70257CF1951515,,,Bank of Scotland plc,7160,0.00,0.00,1000031337,59517791CE9855111
29/11/2019,15:04:51,Europe/London,Pre-approved Payment Bill User Payment,GBP,-34.95,0.00,-34.95,-34.95,23U06035XR813514N,epoch_gbp@epoch.com,Customer Service - Epoch,,,0.00,0.00,1167854655/MemberID : 2152436552,1SB43468MK396633V
29/11/2019,15:04:51,Europe/London,Bank Deposit to PP Account,GBP,34.95,0.00,34.95,0.00,2CR38783UK9268337,,,Bank of Scotland plc,7160,0.00,0.00,1167854655/MemberID : 2152436552,23U06035XR813514N
06/12/2019,13:14:00,Europe/London,Pre-approved Payment Bill User Payment,GBP,-9.99,0.00,-9.99,-9.99,7VP07128M6456021D,premium-gbp@spotify.com,Spotify Finance Limited,,,0.00,0.00,P0DBFB0AE1,16K71967HT868593M
06/12/2019,13:14:00,Europe/London,Bank Deposit to PP Account,GBP,9.99,0.00,9.99,0.00,1DG78004NJ2498934,,,Bank of Scotland plc,7160,0.00,0.00,P0DBFB0AE1,7VP07128M6456021D
12/12/2019,18:24:09,Europe/London,Pre-approved Payment Bill User Payment,GBP,-9.99,0.00,-9.99,-9.99,5DM37193L05247142,premium-gbp@spotify.com,Spotify Finance Limited,,,0.00,0.00,P0DD276592,45E06700WC3035123
12/12/2019,18:24:09,Europe/London,Bank Deposit to PP Account,GBP,9.99,0.00,9.99,0.00,64V02989AA543473W,,,Bank of Scotland plc,7160,0.00,0.00,P0DD276592,5DM37193L05247142
15/12/2019,19:51:05,Europe/London,Bank Deposit to PP Account,GBP,94.39,0.00,94.39,94.39,8LX7541102423683H,,,Bank of Scotland plc,7160,0.00,0.00,,9SU74839M7609793M
15/12/2019,19:51:05,Europe/London,General Currency Conversion,GBP,-94.39,0.00,-94.39,0.00,1UH200030D3018307,,,,,0.00,0.00,,9SU74839M7609793M
18/12/2019,17:41:29,Europe/London,Express Checkout Payment,GBP,-119.98,0.00,-119.98,-119.98,9B0023933N902333V,info@gear4music.com,Gear4music Limited,,,0.00,0.00,W4488982,1UC88774H55338722
18/12/2019,17:41:29,Europe/London,Bank Deposit to PP Account,GBP,119.98,0.00,119.98,0.00,9PN66507UW7027314,,,Bank of Scotland plc,7160,0.00,0.00,W4488982,9B0023933N902333V
28/12/2019,21:22:46,Europe/London,Pre-approved Payment Bill User Payment,GBP,-17.00,0.00,-17.00,-17.00,7PK91140HM255592S,finance@propellerheads.se,Reason Studios AB,,,0.00,0.00,4715775681653826,B-6KT631940R109534K
28/12/2019,21:22:46,Europe/London,Bank Deposit to PP Account,GBP,17.00,0.00,17.00,0.00,1BE11161KM241271L,,,Bank of Scotland plc,7160,0.00,0.00,4715775681653826,7PK91140HM255592S
29/12/2019,15:15:38,Europe/London,Pre-approved Payment Bill User Payment,GBP,-34.95,0.00,-34.95,-34.95,6KR49995HE536953N,epoch_gbp@epoch.com,Customer Service - Epoch,,,0.00,0.00,1173878000/MemberID : 2152436552,51C09102PF827402M
29/12/2019,15:15:38,Europe/London,Bank Deposit to PP Account,GBP,34.95,0.00,34.95,0.00,92M40475MF355183A,,,Bank of Scotland plc,7160,0.00,0.00,1173878000/MemberID : 2152436552,6KR49995HE536953N
31/12/2019,14:20:32,Europe/London,Express Checkout Payment,GBP,-149.99,0.00,-149.99,-149.99,02C626791V781152J,paypaladmin@argos.co.uk,Argos Limited,,,0.00,0.00,6367522032,28B61552XD9452207
31/12/2019,14:20:32,Europe/London,Bank Deposit to PP Account,GBP,149.99,0.00,149.99,0.00,4XN47500NC925503L,,,Bank of Scotland plc,7160,0.00,0.00,6367522032,02C626791V781152J
02/01/2020,16:41:43,Europe/London,Pre-approved Payment Bill User Payment,GBP,-7.99,0.00,-7.99,-7.99,1C16232841146421P,finance@propellerheads.se,Reason Studios AB,,,0.00,0.00,4715779833034638,B-6KT631940R109534K
02/01/2020,16:41:43,Europe/London,Bank Deposit to PP Account,GBP,7.99,0.00,7.99,0.00,18R534324Y450264J,,,Bank of Scotland plc,7160,0.00,0.00,4715779833034638,1C16232841146421P
06/01/2020,13:14:00,Europe/London,Pre-approved Payment Bill User Payment,GBP,-9.99,0.00,-9.99,-9.99,7EH709433R1835725,premium-gbp@spotify.com,Spotify Finance Limited,,,0.00,0.00,P0E1ED29E0,6JD51474CU5054613
06/01/2020,13:14:00,Europe/London,Bank Deposit to PP Account,GBP,9.99,0.00,9.99,0.00,4K018925DU9569546,,,Bank of Scotland plc,7160,0.00,0.00,P0E1ED29E0,7EH709433R1835725
08/01/2020,08:43:07,Europe/London,Express Checkout Payment,GBP,-71.94,0.00,-71.94,-71.94,92219558SJ880392U,epoch_gbp@epoch.com,Customer Service - Epoch,,,0.00,0.00,1176093886/MemberID : 2301856326,5XE88317RK433473E
08/01/2020,08:43:07,Europe/London,Bank Deposit to PP Account,GBP,71.94,0.00,71.94,0.00,53X32167RV0356000,,,Bank of Scotland plc,7160,0.00,0.00,1176093886/MemberID : 2301856326,92219558SJ880392U
12/01/2020,18:24:04,Europe/London,Pre-approved Payment Bill User Payment,GBP,-9.99,0.00,-9.99,-9.99,33G45947KP337732P,premium-gbp@spotify.com,Spotify Finance Limited,,,0.00,0.00,P0E31601DE,B-62G64018SH768960T
12/01/2020,18:24:04,Europe/London,Bank Deposit to PP Account,GBP,9.99,0.00,9.99,0.00,19J608435F4770029,,,Bank of Scotland plc,7160,0.00,0.00,P0E31601DE,33G45947KP337732P
14/01/2020,16:54:14,Europe/London,Bank Deposit to PP Account,GBP,28.05,0.00,28.05,28.05,7T712742MA179664F,,,Bank of Scotland plc,7160,0.00,0.00,2771079,0A915997UV456252Y
14/01/2020,16:54:14,Europe/London,General Currency Conversion,GBP,-28.05,0.00,-28.05,0.00,8WX10489FD664263D,,,,,0.00,0.00,2771079,0A915997UV456252Y
27/01/2020,17:46:48,Europe/London,Express Checkout Payment,GBP,-585.60,0.00,-585.60,-585.60,5DC74814T8734004R,rcjf@astonandfincher.co.uk,Aston & Fincher,,,0.00,0.00,1000034994,
27/01/2020,17:46:48,Europe/London,Bank Deposit to PP Account,GBP,585.60,0.00,585.60,0.00,08384420602095227,,,Bank of Scotland plc,7160,0.00,0.00,1000034994,5DC74814T8734004R
29/01/2020,15:02:31,Europe/London,Pre-approved Payment Bill User Payment,GBP,-34.95,0.00,-34.95,-34.95,8WU35466BE3848539,epoch_gbp@epoch.com,Customer Service - Epoch,,,0.00,0.00,1180660539/MemberID : 2152436552,1F510432SW128850V
29/01/2020,15:02:31,Europe/London,Bank Deposit to PP Account,GBP,34.95,0.00,34.95,0.00,1AS76432Y90558937,,,Bank of Scotland plc,7160,0.00,0.00,1180660539/MemberID : 2152436552,8WU35466BE3848539
30/01/2020,14:36:12,Europe/London,Pre-approved Payment Bill User Payment,GBP,-69.95,0.00,-69.95,-69.95,6DG04423JL2782632,epoch_gbp@epoch.com,Customer Service - Epoch,,,0.00,0.00,1180866980/MemberID : 2152436548,0D7354051N731451F
30/01/2020,14:36:12,Europe/London,Bank Deposit to PP Account,GBP,69.95,0.00,69.95,0.00,5A829955NP024770P,,,Bank of Scotland plc,7160,0.00,0.00,1180866980/MemberID : 2152436548,6DG04423JL2782632
31/01/2020,19:24:30,Europe/London,Express Checkout Payment,GBP,-46.70,0.00,-46.70,-46.70,7UB79296KA689860M,PayPal.Child1@seetickets.com,Tickets,,,0.00,0.00,W1048932010,
31/01/2020,19:24:30,Europe/London,Bank Deposit to PP Account,GBP,46.70,0.00,46.70,0.00,8TX89332PE308511B,,,Bank of Scotland plc,7160,0.00,0.00,W1048932010,7UB79296KA689860M
01/02/2020,16:48:06,Europe/London,Pre-approved Payment Bill User Payment,GBP,-7.99,0.00,-7.99,-7.99,05D30263PK106121W,finance@propellerheads.se,Reason Studios AB,,,0.00,0.00,1715805756853450,B-6KT631940R109534K
01/02/2020,16:48:06,Europe/London,Bank Deposit to PP Account,GBP,7.99,0.00,7.99,0.00,6WD60554JF518670V,,,Bank of Scotland plc,7160,0.00,0.00,1715805756853450,05D30263PK106121W
05/02/2020,07:46:09,Europe/London,eBay Auction Payment,GBP,-12.99,0.00,-12.99,-12.99,0HR04701WR9993054,"To get contact details, please visit your order details on My eBay",Kira Schneiders,,,0.00,0.00,,
05/02/2020,07:46:09,Europe/London,Bank Deposit to PP Account,GBP,12.99,0.00,12.99,0.00,2G8796659W655602N,"To get contact details, please visit your order details on My eBay",,Bank of Scotland plc,7160,0.00,0.00,,0HR04701WR9993054
06/02/2020,13:13:55,Europe/London,Pre-approved Payment Bill User Payment,GBP,-9.99,0.00,-9.99,-9.99,43B65477SW761620U,premium-gbp@spotify.com,Spotify Finance Limited,,,0.00,0.00,P0E7C5D926,B-37K37589RN914044V
06/02/2020,13:13:55,Europe/London,Bank Deposit to PP Account,GBP,9.99,0.00,9.99,0.00,0LA43394EL768850L,,,Bank of Scotland plc,7160,0.00,0.00,P0E7C5D926,43B65477SW761620U
08/02/2020,10:18:06,Europe/London,Express Checkout Payment,GBP,-389.82,0.00,-389.82,-389.82,7EF00381S8258982J,sales@salonsdirect.co.uk,Salons Direct Ltd,,,0.00,0.00,100432935,
08/02/2020,10:18:06,Europe/London,Bank Deposit to PP Account,GBP,389.82,0.00,389.82,0.00,5JJ838266P8503943,,,Bank of Scotland plc,7160,0.00,0.00,100432935,7EF00381S8258982J
12/02/2020,18:24:03,Europe/London,Pre-approved Payment Bill User Payment,GBP,-9.99,0.00,-9.99,-9.99,9AM8679192802731D,premium-gbp@spotify.com,Spotify Finance Limited,,,0.00,0.00,P0E8F043A1,B-62G64018SH768960T
12/02/2020,18:24:03,Europe/London,Bank Deposit to PP Account,GBP,9.99,0.00,9.99,0.00,19Y97859RP635794E,,,Bank of Scotland plc,7160,0.00,0.00,P0E8F043A1,9AM8679192802731D
22/02/2020,14:54:44,Europe/London,Pre-approved Payment Bill User Payment,GBP,-43.23,0.00,-43.23,-43.23,6TG74230UY365971H,epochrow_gbp@epoch.com,epoch.com,,,0.00,0.00,1185518187/MemberID : 2264863946,3N962480MM0020924
22/02/2020,14:54:44,Europe/London,Bank Deposit to PP Account,GBP,43.23,0.00,43.23,0.00,19T38268PA821074X,,,Bank of Scotland plc,7160,0.00,0.00,1185518187/MemberID : 2264863946,6TG74230UY365971H
23/02/2020,19:23:47,Europe/London,Mobile Payment,GBP,25.00,0.00,25.00,25.00,6K7690560P0543126,pauljainley@hotmail.com,Paul Ainley,,,0.00,0.00,,
28/02/2020,03:20:15,Europe/London,Pre-approved Payment Bill User Payment,GBP,-38.38,0.00,-38.38,-13.38,6P6815068C7613148,123finance@heg.com,123-reg Limited,,,0.00,0.00,,B-96412555X24819038
28/02/2020,03:20:15,Europe/London,Bank Deposit to PP Account,GBP,13.38,0.00,13.38,0.00,3T328379UD8836255,,,Bank of Scotland plc,7160,0.00,0.00,,6P6815068C7613148
29/02/2020,15:12:11,Europe/London,Pre-approved Payment Bill User Payment,GBP,-34.95,0.00,-34.95,-34.95,4M6940777E911982X,epoch_gbp@epoch.com,Customer Service - Epoch,,,0.00,0.00,1186843501/MemberID : 2152436552,73J85231VL4728607
29/02/2020,15:12:11,Europe/London,Bank Deposit to PP Account,GBP,34.95,0.00,34.95,0.00,49747415SK777203J,,,Bank of Scotland plc,7160,0.00,0.00,1186843501/MemberID : 2152436552,4M6940777E911982X
29/02/2020,16:18:59,Europe/London,Express Checkout Payment,GBP,-87.60,0.00,-87.60,-87.60,6RW37037MY169281X,rcjf@astonandfincher.co.uk,Aston & Fincher,,,0.00,0.00,1000036897,
29/02/2020,16:18:59,Europe/London,Bank Deposit to PP Account,GBP,87.60,0.00,87.60,0.00,3CS66421L4019600P,,,Bank of Scotland plc,7160,0.00,0.00,1000036897,6RW37037MY169281X
02/03/2020,16:56:01,Europe/London,Pre-approved Payment Bill User Payment,GBP,-7.99,0.00,-7.99,-7.99,76354115L78953057,finance@propellerheads.se,Reason Studios AB,,,0.00,0.00,1715831681608017,B-6KT631940R109534K
02/03/2020,16:56:01,Europe/London,Bank Deposit to PP Account,GBP,7.99,0.00,7.99,0.00,9VC90615K59370502,,,Bank of Scotland plc,7160,0.00,0.00,1715831681608017,76354115L78953057
06/03/2020,13:13:57,Europe/London,Pre-approved Payment Bill User Payment,GBP,-9.99,0.00,-9.99,-9.99,6D442330DF106611X,premium-gbp@spotify.com,Spotify Finance Limited,,,0.00,0.00,P0ED95A8B6,B-37K37589RN914044V
06/03/2020,13:13:57,Europe/London,Bank Deposit to PP Account,GBP,9.99,0.00,9.99,0.00,7JW336598F1138546,,,Bank of Scotland plc,7160,0.00,0.00,P0ED95A8B6,6D442330DF106611X
07/03/2020,02:48:46,Europe/London,Pre-approved Payment Bill User Payment,GBP,-14.39,0.00,-14.39,-14.39,6N94053855619673K,123finance@heg.com,123-reg Limited,,,0.00,0.00,,B-96412555X24819038
07/03/2020,02:48:46,Europe/London,Bank Deposit to PP Account,GBP,14.39,0.00,14.39,0.00,8RN99717WX753850V,,,Bank of Scotland plc,7160,0.00,0.00,,6N94053855619673K
11/03/2020,16:29:42,Europe/London,eBay Auction Payment,GBP,-10.00,0.00,-10.00,-10.00,7VR58197RN3528255,"To get contact details, please visit your order details on My eBay",christopher reid,,,0.00,0.00,,
11/03/2020,16:29:42,Europe/London,Bank Deposit to PP Account,GBP,10.00,0.00,10.00,0.00,6NH01813J3301824L,"To get contact details, please visit your order details on My eBay",,Bank of Scotland plc,7160,0.00,0.00,,7VR58197RN3528255
12/03/2020,18:24:02,Europe/London,Pre-approved Payment Bill User Payment,GBP,-9.99,0.00,-9.99,-9.99,73L44959E65654029,premium-gbp@spotify.com,Spotify Finance Limited,,,0.00,0.00,P0EECA7E7A,B-62G64018SH768960T
12/03/2020,18:24:02,Europe/London,Bank Deposit to PP Account,GBP,9.99,0.00,9.99,0.00,2PC95942P48166722,,,Bank of Scotland plc,7160,0.00,0.00,P0EECA7E7A,73L44959E65654029
29/03/2020,15:06:49,Europe/London,Pre-approved Payment Bill User Payment,GBP,-34.95,0.00,-34.95,-34.95,5P776181944130808,epoch_gbp@epoch.com,Customer Service - Epoch,,,0.00,0.00,1193016845/MemberID : 2152436552,7GR80442N7973720D
29/03/2020,15:06:49,Europe/London,Bank Deposit to PP Account,GBP,34.95,0.00,34.95,0.00,9VD4137799889261R,,,Bank of Scotland plc,7160,0.00,0.00,1193016845/MemberID : 2152436552,5P776181944130808
01/04/2020,17:00:06,Europe/London,Pre-approved Payment Bill User Payment,GBP,-7.99,0.00,-7.99,-7.99,5S655913H1283712W,finance@propellerheads.se,Reason Studios AB,,,0.00,0.00,1815857568057035,B-6KT631940R109534K
01/04/2020,17:00:06,Europe/London,Bank Deposit to PP Account,GBP,7.99,0.00,7.99,0.00,4FC53876EC585284U,,,Bank of Scotland plc,7160,0.00,0.00,1815857568057035,5S655913H1283712W
06/04/2020,14:13:58,Europe/London,Pre-approved Payment Bill User Payment,GBP,-9.99,0.00,-9.99,-9.99,4HY87594RX6624321,premium-gbp@spotify.com,Spotify Finance Limited,,,0.00,0.00,P0F3CDB1D6,B-37K37589RN914044V
06/04/2020,14:13:58,Europe/London,Bank Deposit to PP Account,GBP,9.99,0.00,9.99,0.00,21H55533TP6757504,,,Bank of Scotland plc,7160,0.00,0.00,P0F3CDB1D6,4HY87594RX6624321
12/04/2020,19:24:04,Europe/London,Pre-approved Payment Bill User Payment,GBP,-9.99,0.00,-9.99,-9.99,0TV54562R72883732,premium-gbp@spotify.com,Spotify Finance Limited,,,0.00,0.00,P0F50B1857,B-62G64018SH768960T
12/04/2020,19:24:04,Europe/London,Bank Deposit to PP Account,GBP,9.99,0.00,9.99,0.00,3YC25379RL9094525,,,Bank of Scotland plc,7160,0.00,0.00,P0F50B1857,0TV54562R72883732
25/04/2020,17:46:59,Europe/London,Express Checkout Payment,GBP,-20.50,0.00,-20.50,-20.50,9V245841RM7330947,VMGFinance@virginmoney.com,Virgin Money Giving Limited,,,0.00,0.00,IDN032156657000,
25/04/2020,17:46:59,Europe/London,Bank Deposit to PP Account,GBP,20.50,0.00,20.50,0.00,47N95097N2446861H,,,Bank of Scotland plc,7160,0.00,0.00,IDN032156657000,9V245841RM7330947
29/04/2020,15:03:22,Europe/London,Pre-approved Payment Bill User Payment,GBP,-34.95,0.00,-34.95,-34.95,0B8490458W905724R,epoch_gbp@epoch.com,Customer Service - Epoch,,,0.00,0.00,1200025609/MemberID : 2152436552,60F48913P8224170S
29/04/2020,15:03:22,Europe/London,Bank Deposit to PP Account,GBP,34.95,0.00,34.95,0.00,87U42091VX2582221,,,Bank of Scotland plc,7160,0.00,0.00,1200025609/MemberID : 2152436552,0B8490458W905724R
30/04/2020,14:39:13,Europe/London,Pre-approved Payment Bill User Payment,GBP,-69.95,0.00,-69.95,-69.95,63535953HV4976253,epoch_gbp@epoch.com,Customer Service - Epoch,,,0.00,0.00,1200237675/MemberID : 2152436548,2M102746WF444631E
30/04/2020,14:39:13,Europe/London,Bank Deposit to PP Account,GBP,69.95,0.00,69.95,0.00,6PC93396T9146202L,,,Bank of Scotland plc,7160,0.00,0.00,1200237675/MemberID : 2152436548,63535953HV4976253
30/04/2020,16:18:38,Europe/London,Express Checkout Payment,GBP,-42.24,0.00,-42.24,-42.24,57768970WE6217333,sales@salonsdirect.co.uk,Salons Direct Ltd,,,4.95,0.00,2000475405,
30/04/2020,16:18:38,Europe/London,Bank Deposit to PP Account,GBP,42.24,0.00,42.24,0.00,9CN4539363339342J,,,Bank of Scotland plc,7160,4.95,0.00,2000475405,57768970WE6217333
01/05/2020,17:08:07,Europe/London,Pre-approved Payment Bill User Payment,GBP,-7.99,0.00,-7.99,-7.99,6N744864BM452045D,finance@propellerheads.se,Reason Studios AB,,,0.00,0.00,4615883492866891,B-6KT631940R109534K
01/05/2020,17:08:07,Europe/London,Bank Deposit to PP Account,GBP,7.99,0.00,7.99,0.00,20D577359K846732N,,,Bank of Scotland plc,7160,0.00,0.00,4615883492866891,6N744864BM452045D
02/05/2020,12:36:54,Europe/London,Express Checkout Payment,GBP,-35.48,0.00,-35.48,-35.48,98L23173TN6475407,sales@appliancespareswarehouse.co.uk,Qualtex UK Ltd,,,0.00,0.00,,
02/05/2020,12:36:54,Europe/London,Bank Deposit to PP Account,GBP,35.48,0.00,35.48,0.00,0CH06983F42166909,,,Bank of Scotland plc,7160,0.00,0.00,,98L23173TN6475407
06/05/2020,13:28:31,Europe/London,Pre-approved Payment Bill User Payment,GBP,-5.99,0.00,-5.99,-5.99,3LY38256SH623740K,corp.dl-dssgb@disney.com,DisneyPlus,,,0.00,0.00,urn:dss:disney:recurring:invoice:1000176340050,B-0UR42003P12202928
06/05/2020,13:28:31,Europe/London,Bank Deposit to PP Account,GBP,5.99,0.00,5.99,0.00,9KY756932B888325T,,,Bank of Scotland plc,7160,0.00,0.00,urn:dss:disney:recurring:invoice:1000176340050,3LY38256SH623740K
06/05/2020,14:13:58,Europe/London,Pre-approved Payment Bill User Payment,GBP,-9.99,0.00,-9.99,-9.99,23E734529J755690C,premium-gbp@spotify.com,Spotify Finance Limited,,,0.00,0.00,P0FA0ACC26,B-37K37589RN914044V
06/05/2020,14:13:58,Europe/London,Bank Deposit to PP Account,GBP,9.99,0.00,9.99,0.00,44G106580M5941545,,,Bank of Scotland plc,7160,0.00,0.00,P0FA0ACC26,23E734529J755690C
12/05/2020,18:14:47,Europe/London,eBay Auction Payment,GBP,-56.99,0.00,-56.99,-56.99,3FP95534U2717651X,"To get contact details, please visit your order details on My eBay",wirral Discount Supplies limited,,,0.00,0.00,,
12/05/2020,18:14:47,Europe/London,Bank Deposit to PP Account,GBP,56.99,0.00,56.99,0.00,2YU30128800094125,"To get contact details, please visit your order details on My eBay",,Bank of Scotland plc,7160,0.00,0.00,,3FP95534U2717651X
12/05/2020,18:17:08,Europe/London,eBay Auction Payment,GBP,-23.00,0.00,-23.00,-23.00,0K321871FK342230U,"To get contact details, please visit your order details on My eBay",Ultimate Wraps Ltd,,,0.00,0.00,,
12/05/2020,18:17:08,Europe/London,Bank Deposit to PP Account,GBP,23.00,0.00,23.00,0.00,1YB96599KD026771E,"To get contact details, please visit your order details on My eBay",,Bank of Scotland plc,7160,0.00,0.00,,0K321871FK342230U
12/05/2020,19:24:05,Europe/London,Pre-approved Payment Bill User Payment,GBP,-9.99,0.00,-9.99,-9.99,0YV49456S2930670L,premium-gbp@spotify.com,Spotify Finance Limited,,,0.00,0.00,P0FB4F3577,B-62G64018SH768960T
12/05/2020,19:24:05,Europe/London,Bank Deposit to PP Account,GBP,9.99,0.00,9.99,0.00,04528950D39705346,,,Bank of Scotland plc,7160,0.00,0.00,P0FB4F3577,0YV49456S2930670L
22/05/2020,14:40:35,Europe/London,Pre-approved Payment Bill User Payment,GBP,-43.23,0.00,-43.23,-43.23,7C022055KJ161673Y,epochrow_gbp@epoch.com,epoch.com,,,0.00,0.00,1205135782/MemberID : 2264863946,62X70508D2710694J
22/05/2020,14:40:35,Europe/London,Bank Deposit to PP Account,GBP,43.23,0.00,43.23,0.00,0RA85215TA783582B,,,Bank of Scotland plc,7160,0.00,0.00,1205135782/MemberID : 2264863946,7C022055KJ161673Y
29/05/2020,15:00:15,Europe/London,Pre-approved Payment Bill User Payment,GBP,-34.95,0.00,-34.95,-34.95,62369434RJ414725A,epoch_gbp@epoch.com,Customer Service - Epoch,,,0.00,0.00,1206655148/MemberID : 2152436552,1XP323697C341004A
29/05/2020,15:00:15,Europe/London,Bank Deposit to PP Account,GBP,34.95,0.00,34.95,0.00,1C881629YM172141P,,,Bank of Scotland plc,7160,0.00,0.00,1206655148/MemberID : 2152436552,62369434RJ414725A
31/05/2020,17:16:04,Europe/London,Pre-approved Payment Bill User Payment,GBP,-7.99,0.00,-7.99,-7.99,9VH59042LF0106925,finance@propellerheads.se,Reason Studios AB,,,0.00,0.00,4315909417633307,B-6KT631940R109534K
31/05/2020,17:16:04,Europe/London,Bank Deposit to PP Account,GBP,7.99,0.00,7.99,0.00,49L27396AP9188627,,,Bank of Scotland plc,7160,0.00,0.00,4315909417633307,9VH59042LF0106925
06/06/2020,13:28:29,Europe/London,Pre-approved Payment Bill User Payment,GBP,-5.99,0.00,-5.99,-5.99,9UN456302R003484W,corp.dl-dssgb@disney.com,DisneyPlus,,,0.00,0.00,1000182464780,B-0UR42003P12202928
06/06/2020,13:28:29,Europe/London,Bank Deposit to PP Account,GBP,5.99,0.00,5.99,0.00,4VC90223W4158464M,,,Bank of Scotland plc,7160,0.00,0.00,1000182464780,9UN456302R003484W
06/06/2020,14:13:56,Europe/London,Pre-approved Payment Bill User Payment,GBP,-9.99,0.00,-9.99,-9.99,08L163730E744902G,premium-gbp@spotify.com,Spotify Finance Limited,,,0.00,0.00,P1008A8C59,B-37K37589RN914044V
06/06/2020,14:13:56,Europe/London,Bank Deposit to PP Account,GBP,9.99,0.00,9.99,0.00,31047628VB548584X,,,Bank of Scotland plc,7160,0.00,0.00,P1008A8C59,08L163730E744902G
10/06/2020,17:22:15,Europe/London,eBay Auction Payment,GBP,230.00,-6.97,223.03,223.03,5SE29346U6219105N,"To get contact details, please visit your order details on My eBay",Joey Underwood,,,15.00,0.00,,
10/06/2020,17:22:15,Europe/London,Payment Hold,GBP,-223.03,0.00,-223.03,0.00,5U3154037S887064K,"To get contact details, please visit your order details on My eBay",,,,15.00,0.00,,5SE29346U6219105N
11/06/2020,09:59:39,Europe/London,Express Checkout Payment,GBP,-252.49,0.00,-252.49,-252.49,3L046061K53451914,info@gear4music.com,Gear4music Limited,,,0.00,0.00,W5225189,88Y83549BC4025322
11/06/2020,09:59:39,Europe/London,Bank Deposit to PP Account,GBP,252.49,0.00,252.49,0.00,99U25713WV676270H,,,Bank of Scotland plc,7160,0.00,0.00,W5225189,3L046061K53451914
11/06/2020,10:22:32,Europe/London,Pre-approved Payment Bill User Payment,GBP,-26.60,0.00,-26.60,-26.60,82667386S2415373G,UK-eBay-Shipping@ebay.com,eBay (UK) Limited,,,0.00,0.00,4556071972,B-3VV03383DE082225P
11/06/2020,10:22:32,Europe/London,Bank Deposit to PP Account,GBP,26.60,0.00,26.60,0.00,2XW08126CY379983G,,,Bank of Scotland plc,7160,0.00,0.00,4556071972,82667386S2415373G
11/06/2020,15:26:35,Europe/London,Payment Refund,GBP,28.49,0.00,28.49,28.49,50647645CE680340K,sales@appliancespareswarehouse.co.uk,Qualtex UK Ltd,,,0.00,0.00,,98L23173TN6475407
11/06/2020,15:26:35,Europe/London,General Withdrawal - Bank Account,GBP,-28.49,0.00,-28.49,0.00,0UT18554DK454723R,,,Bank of Scotland plc,7160,0.00,0.00,,98L23173TN6475407
12/06/2020,19:24:04,Europe/London,Pre-approved Payment Bill User Payment,GBP,-9.99,0.00,-9.99,-9.99,3YD00774EW188484N,premium-gbp@spotify.com,Spotify Finance Limited,,,0.00,0.00,P101CF4C24,B-62G64018SH768960T
12/06/2020,19:24:04,Europe/London,Bank Deposit to PP Account,GBP,9.99,0.00,9.99,0.00,5BN222499D996424B,,,Bank of Scotland plc,7160,0.00,0.00,P101CF4C24,3YD00774EW188484N
13/06/2020,03:46:02,Europe/London,Pre-approved Payment Bill User Payment,GBP,-28.78,0.00,-28.78,-28.78,82713524UP508420J,123finance@heg.com,123-reg Limited,,,0.00,0.00,,B-96412555X24819038
13/06/2020,03:46:02,Europe/London,Bank Deposit to PP Account,GBP,28.78,0.00,28.78,0.00,8V246230TX407915R,,,Bank of Scotland plc,7160,0.00,0.00,,82713524UP508420J
13/06/2020,05:29:45,Europe/London,Payment Release,GBP,223.03,0.00,223.03,223.03,7842016445747380C,"To get contact details, please visit your order details on My eBay",,,,15.00,0.00,,5SE29346U6219105N
15/06/2020,12:45:09,Europe/London,eBay Auction Payment,GBP,-59.28,0.00,-59.28,163.75,8S8715929D803150Y,"To get contact details, please visit your order details on My eBay",david j stout,,,7.28,0.00,,
15/06/2020,12:45:09,Europe/London,Bank Deposit to PP Account,GBP,59.28,0.00,59.28,223.03,182097309M163323J,"To get contact details, please visit your order details on My eBay",,Bank of Scotland plc,7160,7.28,0.00,,8S8715929D803150Y
15/06/2020,21:44:28,Europe/London,Website Payment,GBP,-24.99,0.00,-24.99,198.04,9DP96610R5944941P,yongyaoli1985@qq.com,永耀 李,,,0.00,0.00,,
15/06/2020,21:44:28,Europe/London,Bank Deposit to PP Account,GBP,24.99,0.00,24.99,223.03,0MW52735G60423506,,,Bank of Scotland plc,7160,0.00,0.00,,9DP96610R5944941P
25/06/2020,12:46:12,Europe/London,Website Payment,GBP,-344.40,0.00,-344.40,-121.37,2FJ514641E789913E,joanne@xldisplays.co.uk,XL Displays Ltd,,,0.00,0.00,,
25/06/2020,12:46:12,Europe/London,Bank Deposit to PP Account,GBP,121.37,0.00,121.37,0.00,9AD68202WL060293C,,,Bank of Scotland plc,7160,0.00,0.00,,2FJ514641E789913E
25/06/2020,18:34:41,Europe/London,Express Checkout Payment,GBP,-39.99,0.00,-39.99,-39.99,8CX452807P889412M,bevf@andertons.co.uk,Andertons Music Co,,,0.00,0.00,,901523375C262162G
25/06/2020,18:34:41,Europe/London,Bank Deposit to PP Account,GBP,39.99,0.00,39.99,0.00,4SS40474NB800690C,,,Bank of Scotland plc,7160,0.00,0.00,,8CX452807P889412M
27/06/2020,15:54:37,Europe/London,Express Checkout Payment,GBP,-228.98,0.00,-228.98,-228.98,90K52489NA1513321,ebay@gak.co.uk,The Guitar Amp and Keyboard Centre Ltd,,,4.99,0.00,,
27/06/2020,15:54:37,Europe/London,Bank Deposit to PP Account,GBP,228.98,0.00,228.98,0.00,5CU06846632645000,,,Bank of Scotland plc,7160,4.99,0.00,,90K52489NA1513321
29/06/2020,14:59:48,Europe/London,Pre-approved Payment Bill User Payment,GBP,-34.95,0.00,-34.95,-34.95,1NF65607FE788973G,epoch_gbp@epoch.com,Customer Service - Epoch,,,0.00,0.00,1213459817/MemberID : 2152436552,6VY18175JR712624D
29/06/2020,14:59:48,Europe/London,Bank Deposit to PP Account,GBP,34.95,0.00,34.95,0.00,54B25978VS0606620,,,Bank of Scotland plc,7160,0.00,0.00,1213459817/MemberID : 2152436552,1NF65607FE788973G
30/06/2020,17:24:06,Europe/London,Pre-approved Payment Bill User Payment,GBP,-7.99,0.00,-7.99,-7.99,61919979PP064641Y,finance@propellerheads.se,Reason Studios AB,,,0.00,0.00,1615935342450106,B-6KT631940R109534K
30/06/2020,17:24:06,Europe/London,Bank Deposit to PP Account,GBP,7.99,0.00,7.99,0.00,9D947369FM293223D,,,Bank of Scotland plc,7160,0.00,0.00,1615935342450106,61919979PP064641Y
30/06/2020,17:44:23,Europe/London,Express Checkout Payment,GBP,-804.00,0.00,-804.00,-804.00,2WC841767G990984L,rcjf@astonandfincher.co.uk,Aston & Fincher,,,0.00,0.00,1000050608,
30/06/2020,17:44:23,Europe/London,Bank Deposit to PP Account,GBP,804.00,0.00,804.00,0.00,53206649XF9096218,,,Bank of Scotland plc,7160,0.00,0.00,1000050608,2WC841767G990984L
06/07/2020,13:28:31,Europe/London,Pre-approved Payment Bill User Payment,GBP,-5.99,0.00,-5.99,-5.99,12A95386E02585718,corp.dl-dssgb@disney.com,DisneyPlus,,,0.00,0.00,1000205478492,B-0UR42003P12202928
06/07/2020,13:28:31,Europe/London,Bank Deposit to PP Account,GBP,5.99,0.00,5.99,0.00,2J675712T42331828,,,Bank of Scotland plc,7160,0.00,0.00,1000205478492,12A95386E02585718
06/07/2020,14:13:57,Europe/London,Pre-approved Payment Bill User Payment,GBP,-9.99,0.00,-9.99,-9.99,16P66035PX967522V,premium-gbp@spotify.com,Spotify Finance Limited,,,0.00,0.00,P106D886A7,B-37K37589RN914044V
06/07/2020,14:13:57,Europe/London,Bank Deposit to PP Account,GBP,9.99,0.00,9.99,0.00,15C56634X38628040,,,Bank of Scotland plc,7160,0.00,0.00,P106D886A7,16P66035PX967522V
09/07/2020,06:24:08,Europe/London,Express Checkout Payment,GBP,-22.99,0.00,-22.99,-22.99,0NW14093R93726327,UK-ebay-OTP-collections@ebay.com,eBay UK Limited,,,0.00,0.00,4587551432,
09/07/2020,06:24:08,Europe/London,Bank Deposit to PP Account,GBP,22.99,0.00,22.99,0.00,7729847901309774Y,,,Bank of Scotland plc,7160,0.00,0.00,4587551432,0NW14093R93726327
09/07/2020,22:34:46,Europe/London,Express Checkout Payment,GBP,"-1,799.00",0.00,"-1,799.00","-1,799.00",7KP15791VC032363C,paypal_ukaos@apple.com,Apple Store,,,0.00,0.00,W990362334-3768869,3WV107813C260963B
09/07/2020,22:34:46,Europe/London,Bank Deposit to PP Account,GBP,"1,799.00",0.00,"1,799.00",0.00,17421240BB872242U,,,Bank of Scotland plc,7160,0.00,0.00,W990362334-3768869,7KP15791VC032363C
12/07/2020,19:24:04,Europe/London,Pre-approved Payment Bill User Payment,GBP,-9.99,0.00,-9.99,-9.99,0SV58113XC586462R,premium-gbp@spotify.com,Spotify Finance Limited,,,0.00,0.00,P1080C08F7,B-62G64018SH768960T
12/07/2020,19:24:04,Europe/London,Bank Deposit to PP Account,GBP,9.99,0.00,9.99,0.00,83703969P18681257,,,Bank of Scotland plc,7160,0.00,0.00,P1080C08F7,0SV58113XC586462R
20/07/2020,18:05:35,Europe/London,Express Checkout Payment,GBP,-154.00,0.00,-154.00,-154.00,4GX41169BC4214510,noreply.eu@volcom.com,VOLCOM,,,0.00,0.00,c13738041966689.1,
20/07/2020,18:05:35,Europe/London,Bank Deposit to PP Account,GBP,154.00,0.00,154.00,0.00,4GP28285N4680994P,,,Bank of Scotland plc,7160,0.00,0.00,c13738041966689.1,4GX41169BC4214510
23/07/2020,10:12:30,Europe/London,Express Checkout Payment,GBP,-135.00,0.00,-135.00,-135.00,3TJ02034XP7033337,noreply.eu@volcom.com,VOLCOM,,,0.00,0.00,c13756375597153.1,
23/07/2020,10:12:30,Europe/London,Bank Deposit to PP Account,GBP,135.00,0.00,135.00,0.00,688366350N6447938,,,Bank of Scotland plc,7160,0.00,0.00,c13756375597153.1,3TJ02034XP7033337
24/07/2020,09:42:26,Europe/London,Express Checkout Payment,GBP,"-1,238.40",0.00,"-1,238.40","-1,238.40",7KN093786D465344W,rcjf@astonandfincher.co.uk,Aston & Fincher,,,0.00,0.00,1000054379,
24/07/2020,09:42:26,Europe/London,Bank Deposit to PP Account,GBP,"1,238.40",0.00,"1,238.40",0.00,51N95499VS002740K,,,Bank of Scotland plc,7160,0.00,0.00,1000054379,7KN093786D465344W
29/07/2020,14:56:34,Europe/London,Pre-approved Payment Bill User Payment,GBP,-34.95,0.00,-34.95,-34.95,46D79547XB0869228,epoch_gbp@epoch.com,Customer Service - Epoch,,,0.00,0.00,1219751046/MemberID : 2152436552,2R390177PU627414R
29/07/2020,14:56:34,Europe/London,Bank Deposit to PP Account,GBP,34.95,0.00,34.95,0.00,7WV442656S7927809,,,Bank of Scotland plc,7160,0.00,0.00,1219751046/MemberID : 2152436552,46D79547XB0869228
30/07/2020,14:33:58,Europe/London,Pre-approved Payment Bill User Payment,GBP,-69.95,0.00,-69.95,-69.95,193630430B320981N,epoch_gbp@epoch.com,Customer Service - Epoch,,,0.00,0.00,1219945569/MemberID : 2152436548,47043846BT5105620
30/07/2020,14:33:58,Europe/London,Bank Deposit to PP Account,GBP,69.95,0.00,69.95,0.00,8S322992M0616003G,,,Bank of Scotland plc,7160,0.00,0.00,1219945569/MemberID : 2152436548,193630430B320981N
30/07/2020,17:32:05,Europe/London,Pre-approved Payment Bill User Payment,GBP,-6.07,0.00,-6.07,-6.07,1E6518024T6676835,finance@propellerheads.se,Reason Studios AB,,,0.00,0.00,4555961267243504,B-6KT631940R109534K
30/07/2020,17:32:05,Europe/London,Bank Deposit to PP Account,GBP,6.07,0.00,6.07,0.00,4BE075152L880883P,,,Bank of Scotland plc,7160,0.00,0.00,4555961267243504,1E6518024T6676835
06/08/2020,12:10:25,Europe/London,Website Payment,GBP,-344.40,0.00,-344.40,-344.40,1WS38053LB0251618,joanne@xldisplays.co.uk,XL Displays Ltd,,,0.00,0.00,,
06/08/2020,12:10:25,Europe/London,Bank Deposit to PP Account,GBP,344.40,0.00,344.40,0.00,2PE63857XF703551B,,,Bank of Scotland plc,7160,0.00,0.00,,1WS38053LB0251618
06/08/2020,13:28:28,Europe/London,Pre-approved Payment Bill User Payment,GBP,-5.99,0.00,-5.99,-5.99,99N396607B6442624,corp.dl-dssgb@disney.com,DisneyPlus,,,0.00,0.00,1000227870988,B-0UR42003P12202928
06/08/2020,13:28:28,Europe/London,Bank Deposit to PP Account,GBP,5.99,0.00,5.99,0.00,23J20231FX232484P,,,Bank of Scotland plc,7160,0.00,0.00,1000227870988,99N396607B6442624
06/08/2020,14:13:57,Europe/London,Pre-approved Payment Bill User Payment,GBP,-9.99,0.00,-9.99,-9.99,9SB65467XK286681N,premium-gbp@spotify.com,Spotify Finance Limited,,,0.00,0.00,P10CD91FA4,B-37K37589RN914044V
06/08/2020,14:13:57,Europe/London,Bank Deposit to PP Account,GBP,9.99,0.00,9.99,0.00,7F699307FP380961E,,,Bank of Scotland plc,7160,0.00,0.00,P10CD91FA4,9SB65467XK286681N
06/08/2020,21:30:15,Europe/London,Express Checkout Payment,GBP,-69.95,0.00,-69.95,-69.95,2G379391YX354201S,ppa_uk@adidas.com,adidas (UK) Limited,,,0.00,0.00,1355967458132594,
06/08/2020,21:30:15,Europe/London,Bank Deposit to PP Account,GBP,69.95,0.00,69.95,0.00,2YE21708NN2457027,,,Bank of Scotland plc,7160,0.00,0.00,1355967458132594,2G379391YX354201S
08/08/2020,12:18:49,Europe/London,Express Checkout Payment,GBP,-93.81,0.00,-93.81,-93.81,7CX9138849249453U,paypal@costco.co.uk,Costco UK,,,5.99,0.00,376632591,4J5930756F094063K
08/08/2020,12:18:49,Europe/London,Bank Deposit to PP Account,GBP,93.81,0.00,93.81,0.00,19X5207338087045F,,,Bank of Scotland plc,7160,5.99,0.00,376632591,7CX9138849249453U
08/08/2020,21:39:40,Europe/London,Express Checkout Payment,GBP,-39.98,0.00,-39.98,-39.98,6GL4512549271032T,paypal@costco.co.uk,Costco UK,,,5.99,0.00,376632591,4J5930756F094063K
08/08/2020,21:39:40,Europe/London,Bank Deposit to PP Account,GBP,39.98,0.00,39.98,0.00,2Y405438FY785605U,,,Bank of Scotland plc,7160,5.99,0.00,376632591,6GL4512549271032T
08/08/2020,21:40:15,Europe/London,Express Checkout Payment,GBP,-19.99,0.00,-19.99,-19.99,7FA03419T74072644,paypal@costco.co.uk,Costco UK,,,5.99,0.00,376632591,4J5930756F094063K
08/08/2020,21:40:15,Europe/London,Bank Deposit to PP Account,GBP,19.99,0.00,19.99,0.00,92Y850090X611240B,,,Bank of Scotland plc,7160,5.99,0.00,376632591,7FA03419T74072644
12/08/2020,19:24:04,Europe/London,Pre-approved Payment Bill User Payment,GBP,-9.99,0.00,-9.99,-9.99,7NB266716A5483700,premium-gbp@spotify.com,Spotify Finance Limited,,,0.00,0.00,P10E0CABDA,B-62G64018SH768960T
12/08/2020,19:24:04,Europe/London,Bank Deposit to PP Account,GBP,9.99,0.00,9.99,0.00,4YF018887E416741N,,,Bank of Scotland plc,7160,0.00,0.00,P10E0CABDA,7NB266716A5483700
17/08/2020,08:53:23,Europe/London,Payment Refund,GBP,65.00,0.00,65.00,65.00,1ES63896J4446225U,noreply.eu@volcom.com,VOLCOM,,,0.00,0.00,c13738041966689.1,4GX41169BC4214510
17/08/2020,08:53:23,Europe/London,General Withdrawal - Bank Account,GBP,-65.00,0.00,-65.00,0.00,0S8230292U593272P,,,Bank of Scotland plc,7160,0.00,0.00,c13738041966689.1,4GX41169BC4214510
18/08/2020,10:02:59,Europe/London,eBay Auction Payment,GBP,-7.90,0.00,-7.90,-7.90,44931869XV504693H,"To get contact details, please visit your order details on My eBay",Peggy Nash,,,0.00,0.00,,
18/08/2020,10:02:59,Europe/London,Bank Deposit to PP Account,GBP,7.90,0.00,7.90,0.00,2MK82826PK2438450,"To get contact details, please visit your order details on My eBay",,Bank of Scotland plc,7160,0.00,0.00,,44931869XV504693H
18/08/2020,10:13:51,Europe/London,eBay Auction Payment,GBP,-3.75,0.00,-3.75,-3.75,3YB257778B4379345,"To get contact details, please visit your order details on My eBay",Real Cadence Ltd,,,0.00,0.00,,
18/08/2020,10:13:51,Europe/London,Bank Deposit to PP Account,GBP,3.75,0.00,3.75,0.00,3NK18368Y4412824C,"To get contact details, please visit your order details on My eBay",,Bank of Scotland plc,7160,0.00,0.00,,3YB257778B4379345
19/08/2020,14:25:52,Europe/London,Express Checkout Payment,GBP,-196.76,0.00,-196.76,-196.76,1G2426724J836760X,brian@coolblades.co.uk,coolblades,,,0.00,0.00,238751,
19/08/2020,14:25:52,Europe/London,Bank Deposit to PP Account,GBP,196.76,0.00,196.76,0.00,50J89733GL860504S,,,Bank of Scotland plc,7160,0.00,0.00,238751,1G2426724J836760X
22/08/2020,14:51:56,Europe/London,Pre-approved Payment Bill User Payment,GBP,-43.23,0.00,-43.23,-43.23,0YM00993N1412113E,epochrow_gbp@epoch.com,epoch.com,,,0.00,0.00,1224646866/MemberID : 2264863946,4AH8454836722033P
22/08/2020,14:51:56,Europe/London,Bank Deposit to PP Account,GBP,43.23,0.00,43.23,0.00,4BE788861P880193U,,,Bank of Scotland plc,7160,0.00,0.00,1224646866/MemberID : 2264863946,0YM00993N1412113E
29/08/2020,15:01:10,Europe/London,Pre-approved Payment Bill User Payment,GBP,-34.95,0.00,-34.95,-34.95,3K3903643V359502L,epoch_gbp@epoch.com,Customer Service - Epoch,,,0.00,0.00,1226136622/MemberID : 2152436552,26V84772KU363710X
29/08/2020,15:01:10,Europe/London,Bank Deposit to PP Account,GBP,34.95,0.00,34.95,0.00,5PA42635JU5481211,,,Bank of Scotland plc,7160,0.00,0.00,1226136622/MemberID : 2152436552,3K3903643V359502L
06/09/2020,14:13:56,Europe/London,Pre-approved Payment Bill User Payment,GBP,-9.99,0.00,-9.99,-9.99,5CM50417M7005652M,premium-gbp@spotify.com,Spotify Finance Limited,,,0.00,0.00,P113332ECB,B-37K37589RN914044V
06/09/2020,14:13:56,Europe/London,Bank Deposit to PP Account,GBP,9.99,0.00,9.99,0.00,2FX07480X6835070P,,,Bank of Scotland plc,7160,0.00,0.00,P113332ECB,5CM50417M7005652M
12/09/2020,19:24:04,Europe/London,Pre-approved Payment Bill User Payment,GBP,-9.99,0.00,-9.99,-9.99,09V34665AE191641S,premium-gbp@spotify.com,Spotify Finance Limited,,,0.00,0.00,P1148430E2,B-62G64018SH768960T
12/09/2020,19:24:04,Europe/London,Bank Deposit to PP Account,GBP,9.99,0.00,9.99,0.00,6RV04573LG089160B,,,Bank of Scotland plc,7160,0.00,0.00,P1148430E2,09V34665AE191641S
19/09/2020,08:49:30,Europe/London,Express Checkout Payment,GBP,-399.99,0.00,-399.99,-399.99,4W264254LA4836132,paypaladmin@argos.co.uk,Argos Limited,,,0.00,0.00,6396686757,9FF8978608619792S
19/09/2020,08:49:30,Europe/London,General Credit Card Deposit,GBP,399.99,0.00,399.99,0.00,20S58228HB126943U,,,BARCLAYS BANK UK PLC,11,0.00,0.00,6396686757,4W264254LA4836132
28/09/2020,08:24:46,Europe/London,Express Checkout Payment,GBP,-942.00,0.00,-942.00,-942.00,5V265515XE5590623,rcjf@astonandfincher.co.uk,Aston & Fincher,,,0.00,0.00,1000063756,
28/09/2020,08:24:46,Europe/London,Bank Deposit to PP Account,GBP,942.00,0.00,942.00,0.00,3N290988BK959380G,,,Bank of Scotland plc,7160,0.00,0.00,1000063756,5V265515XE5590623
29/09/2020,14:31:06,Europe/London,Pre-approved Payment Bill User Payment,GBP,-34.95,0.00,-34.95,-34.95,8FN120413A227413B,epoch_gbp@epoch.com,Customer Service - Epoch,,,0.00,0.00,1232427075/MemberID : 2152436552,53L95582SB947571P
29/09/2020,14:31:06,Europe/London,Bank Deposit to PP Account,GBP,34.95,0.00,34.95,0.00,0FW20379Y87878719,,,Bank of Scotland plc,7160,0.00,0.00,1232427075/MemberID : 2152436552,8FN120413A227413B
06/10/2020,14:13:58,Europe/London,Pre-approved Payment Bill User Payment,GBP,-9.99,0.00,-9.99,-9.99,4VU75370KX333361P,premium-gbp@spotify.com,Spotify Finance Limited,,,0.00,0.00,P119EFFFAE,B-37K37589RN914044V
06/10/2020,14:13:58,Europe/London,Bank Deposit to PP Account,GBP,9.99,0.00,9.99,0.00,30505274DW7967635,,,Bank of Scotland plc,7160,0.00,0.00,P119EFFFAE,4VU75370KX333361P
12/10/2020,19:24:04,Europe/London,Pre-approved Payment Bill User Payment,GBP,-9.99,0.00,-9.99,-9.99,8HE82342GS2443421,premium-gbp@spotify.com,Spotify Finance Limited,,,0.00,0.00,P11B443C34,B-62G64018SH768960T
12/10/2020,19:24:04,Europe/London,Bank Deposit to PP Account,GBP,9.99,0.00,9.99,0.00,44883060AH192814L,,,Bank of Scotland plc,7160,0.00,0.00,P11B443C34,8HE82342GS2443421
28/10/2020,15:33:33,Europe/London,Express Checkout Payment,GBP,-42.98,0.00,-42.98,-42.98,6JY69940SM411315B,paypalpayments@cartridgepeople.com,The Cartridge People Ltd,,,2.50,0.00,BK94341c64-44ec-4cac-8101-1dd0051281e8-LA,
28/10/2020,15:33:33,Europe/London,Bank Deposit to PP Account,GBP,42.98,0.00,42.98,0.00,4HP02374BR471484N,,,Bank of Scotland plc,7160,2.50,0.00,BK94341c64-44ec-4cac-8101-1dd0051281e8-LA,6JY69940SM411315B
29/10/2020,13:32:09,Europe/London,Pre-approved Payment Bill User Payment,GBP,-34.95,0.00,-34.95,-34.95,55E12961L9482920X,epoch_gbp@epoch.com,Customer Service - Epoch,,,0.00,0.00,1238299171/MemberID : 2152436552,5CH40550FV403933P
29/10/2020,13:32:09,Europe/London,Bank Deposit to PP Account,GBP,34.95,0.00,34.95,0.00,7X262235M6348234J,,,Bank of Scotland plc,7160,0.00,0.00,1238299171/MemberID : 2152436552,55E12961L9482920X
30/10/2020,13:21:34,Europe/London,Pre-approved Payment Bill User Payment,GBP,-69.95,0.00,-69.95,-69.95,9R108828T30964101,epoch_gbp@epoch.com,Customer Service - Epoch,,,0.00,0.00,1238488646/MemberID : 2152436548,3DH66618PE769081L
30/10/2020,13:21:34,Europe/London,Bank Deposit to PP Account,GBP,69.95,0.00,69.95,0.00,3UR39037H1146150K,,,Bank of Scotland plc,7160,0.00,0.00,1238488646/MemberID : 2152436548,9R108828T30964101
06/11/2020,13:13:57,Europe/London,Pre-approved Payment Bill User Payment,GBP,-9.99,0.00,-9.99,-9.99,3X0143076G711612X,premium-gbp@spotify.com,Spotify Finance Limited,,,0.00,0.00,P120A24856,B-37K37589RN914044V
06/11/2020,13:13:57,Europe/London,Bank Deposit to PP Account,GBP,9.99,0.00,9.99,0.00,1JB73213EB543132B,,,Bank of Scotland plc,7160,0.00,0.00,P120A24856,3X0143076G711612X
12/11/2020,18:24:04,Europe/London,Pre-approved Payment Bill User Payment,GBP,-9.99,0.00,-9.99,-9.99,52U4061388145163A,premium-gbp@spotify.com,Spotify Finance Limited,,,0.00,0.00,P121F33316,B-62G64018SH768960T
12/11/2020,18:24:04,Europe/London,Bank Deposit to PP Account,GBP,9.99,0.00,9.99,0.00,21S45887FA3433209,,,Bank of Scotland plc,7160,0.00,0.00,P121F33316,52U4061388145163A
17/11/2020,18:44:43,Europe/London,Express Checkout Payment,GBP,-38.00,0.00,-38.00,-38.00,2HA74149JS5819832,paypalgbp@asos.com,ASOS.COM Ltd,,,0.00,0.00,559829114,1AW74465395545241
17/11/2020,18:44:43,Europe/London,Bank Deposit to PP Account,GBP,38.00,0.00,38.00,0.00,5JW13687288841336,,,Bank of Scotland plc,7160,0.00,0.00,559829114,2HA74149JS5819832
18/11/2020,08:15:19,Europe/London,Express Checkout Payment,GBP,-22.46,0.00,-22.46,-22.46,75U35061JS331731J,info@metals4u.co.uk,Metals4u Ltd,,,6.00,0.00,240840,
18/11/2020,08:15:19,Europe/London,Bank Deposit to PP Account,GBP,22.46,0.00,22.46,0.00,3JU01744K6875383C,,,Bank of Scotland plc,7160,6.00,0.00,240840,75U35061JS331731J
18/11/2020,08:51:01,Europe/London,Website Payment,GBP,-16.68,0.00,-16.68,-16.68,6LF054146K1455058,director@hartingtonheath.com,Hartington Heath LTD,,,2.99,0.00,WC-285297,
18/11/2020,08:51:01,Europe/London,Bank Deposit to PP Account,GBP,16.68,0.00,16.68,0.00,8YX55150187470815,,,Bank of Scotland plc,7160,2.99,0.00,WC-285297,6LF054146K1455058
19/11/2020,08:46:24,Europe/London,Express Checkout Payment,GBP,-95.70,0.00,-95.70,-95.70,4M159612DB775203H,accounts@lightingstyles.co.uk,Lighting Styles Ltd,,,0.00,0.00,418416,
19/11/2020,08:46:24,Europe/London,Bank Deposit to PP Account,GBP,95.70,0.00,95.70,0.00,5RM58611E6100654L,,,Bank of Scotland plc,7160,0.00,0.00,418416,4M159612DB775203H
22/11/2020,14:30:04,Europe/London,Pre-approved Payment Bill User Payment,GBP,-43.23,0.00,-43.23,-43.23,39L36881YV143515L,epochrow_gbp@epoch.com,epoch.com,,,0.00,0.00,1243117513/MemberID : 2264863946,7F974240RP988000M
22/11/2020,14:30:04,Europe/London,Bank Deposit to PP Account,GBP,43.23,0.00,43.23,0.00,4VM869458Y3684935,,,Bank of Scotland plc,7160,0.00,0.00,1243117513/MemberID : 2264863946,39L36881YV143515L
29/11/2020,14:37:23,Europe/London,Pre-approved Payment Bill User Payment,GBP,-34.95,0.00,-34.95,-34.95,5PM56971YR033111J,epoch_gbp@epoch.com,Customer Service - Epoch,,,0.00,0.00,1244583540/MemberID : 2152436552,4CT84210VU0761437
29/11/2020,14:37:23,Europe/London,Bank Deposit to PP Account,GBP,34.95,0.00,34.95,0.00,0YS016418W3353118,,,Bank of Scotland plc,7160,0.00,0.00,1244583540/MemberID : 2152436552,5PM56971YR033111J
04/12/2020,15:24:11,Europe/London,Express Checkout Payment,GBP,-95.70,0.00,-95.70,-95.70,54W37000Y36144223,accounts@lightingstyles.co.uk,Lighting Styles Ltd,,,0.00,0.00,420634,
04/12/2020,15:24:11,Europe/London,Bank Deposit to PP Account,GBP,95.70,0.00,95.70,0.00,39H69026367676249,,,Bank of Scotland plc,7160,0.00,0.00,420634,54W37000Y36144223
06/12/2020,09:46:33,Europe/London,Express Checkout Payment,GBP,-155.00,0.00,-155.00,-155.00,0EY92270AA650900F,stuart@twoseasonsuk.onmicrosoft.com,www.twoseasons.co.uk,,,0.00,0.00,c16686562934944.2,01W626739H220625P
06/12/2020,09:46:33,Europe/London,Bank Deposit to PP Account,GBP,155.00,0.00,155.00,0.00,56A901879A743424S,,,Bank of Scotland plc,7160,0.00,0.00,c16686562934944.2,0EY92270AA650900F
06/12/2020,13:13:58,Europe/London,Pre-approved Payment Bill User Payment,GBP,-9.99,0.00,-9.99,-9.99,1PS09434GL939613N,premium-gbp@spotify.com,Spotify Finance Limited,,,0.00,0.00,P12789EA97,B-37K37589RN914044V
06/12/2020,13:13:58,Europe/London,Bank Deposit to PP Account,GBP,9.99,0.00,9.99,0.00,21M25801P6917324U,,,Bank of Scotland plc,7160,0.00,0.00,P12789EA97,1PS09434GL939613N
08/12/2020,10:46:43,Europe/London,Express Checkout Payment,GBP,"-1,339.20",0.00,"-1,339.20","-1,339.20",1TD26516PP557335N,rcjf@astonandfincher.co.uk,Aston & Fincher,,,0.00,0.00,1000073847,
08/12/2020,10:46:43,Europe/London,Bank Deposit to PP Account,GBP,"1,339.20",0.00,"1,339.20",0.00,2BT74413LL635833L,,,Bank of Scotland plc,7160,0.00,0.00,1000073847,1TD26516PP557335N
08/12/2020,13:23:26,Europe/London,Website Payment,GBP,-180.00,0.00,-180.00,-180.00,5RV22189MX439192H,paypal@alanhoward.co.uk,Alan Howard (Stockport) Ltd,,,0.00,0.00,,
08/12/2020,13:23:26,Europe/London,Bank Deposit to PP Account,GBP,180.00,0.00,180.00,0.00,9NM5893451950702A,,,Bank of Scotland plc,7160,0.00,0.00,,5RV22189MX439192H
12/12/2020,18:24:05,Europe/London,Pre-approved Payment Bill User Payment,GBP,-9.99,0.00,-9.99,-9.99,1UH75225CP304160S,premium-gbp@spotify.com,Spotify Finance Limited,,,0.00,0.00,P128F031EC,B-62G64018SH768960T
12/12/2020,18:24:05,Europe/London,Bank Deposit to PP Account,GBP,9.99,0.00,9.99,0.00,9P963571Y3690890F,,,Bank of Scotland plc,7160,0.00,0.00,P128F031EC,1UH75225CP304160S
15/12/2020,19:50:08,Europe/London,Bank Deposit to PP Account,GBP,93.84,0.00,93.84,93.84,12J316514N930250T,,,Bank of Scotland plc,7160,0.00,0.00,,1D742880B4825183J
15/12/2020,19:50:08,Europe/London,General Currency Conversion,GBP,-93.84,0.00,-93.84,0.00,6PD999495M123870U,,,,,0.00,0.00,,1D742880B4825183J
19/12/2020,09:00:12,Europe/London,Express Checkout Payment,GBP,-120.24,0.00,-120.24,-120.24,88283904XH590750F,sales@salonsdirect.co.uk,Salons Direct Ltd,,,0.00,0.00,2000635370,
19/12/2020,09:00:12,Europe/London,Bank Deposit to PP Account,GBP,120.24,0.00,120.24,0.00,24M74729NN731872A,,,Bank of Scotland plc,7160,0.00,0.00,2000635370,88283904XH590750F
21/12/2020,16:30:55,Europe/London,Express Checkout Payment,GBP,-175.95,0.00,-175.95,-175.95,32U76324D10552927,paypal_admin@johnlewis.co.uk,John Lewis PLC,,,0.00,0.00,270996009,58967063AG353844D
21/12/2020,16:30:55,Europe/London,Bank Deposit to PP Account,GBP,175.95,0.00,175.95,0.00,7DS11516PA530381X,,,Bank of Scotland plc,7160,0.00,0.00,270996009,32U76324D10552927
29/12/2020,14:37:24,Europe/London,Pre-approved Payment Bill User Payment,GBP,-34.95,0.00,-34.95,-34.95,0KY48337NB4216944,epoch_gbp@epoch.com,Customer Service - Epoch,,,0.00,0.00,1250891137/MemberID : 2152436552,76C13289VF160110Y
29/12/2020,14:37:24,Europe/London,Bank Deposit to PP Account,GBP,34.95,0.00,34.95,0.00,7DF79395N18353046,,,Bank of Scotland plc,7160,0.00,0.00,1250891137/MemberID : 2152436552,0KY48337NB4216944
06/01/2021,13:13:57,Europe/London,Pre-approved Payment Bill User Payment,GBP,-9.99,0.00,-9.99,-9.99,75X37866WV018942D,premium-gbp@spotify.com,Spotify Finance Limited,,,0.00,0.00,P12E949850,B-37K37589RN914044V
06/01/2021,13:13:57,Europe/London,Bank Deposit to PP Account,GBP,9.99,0.00,9.99,0.00,99S733554R180915V,,,Bank of Scotland plc,7160,0.00,0.00,P12E949850,75X37866WV018942D
11/01/2021,09:41:49,Europe/London,Express Checkout Payment,GBP,-142.56,0.00,-142.56,-142.56,0GH04108E3233931T,paypal.billabong@boardriders.com,NAPALI SAS (Etablissement Soorts Hossegor),,,0.00,0.00,4546103580677314,
11/01/2021,09:41:49,Europe/London,Bank Deposit to PP Account,GBP,142.56,0.00,142.56,0.00,6GD01822X77394734,,,Bank of Scotland plc,7160,0.00,0.00,4546103580677314,0GH04108E3233931T
11/01/2021,18:47:18,Europe/London,Express Checkout Payment,GBP,-10.00,0.00,-10.00,-10.00,8J607861E38941219,paypal@packtpub.com,Packt Publishing Limited,,,0.00,0.00,1800038391,
11/01/2021,18:47:18,Europe/London,Bank Deposit to PP Account,GBP,10.00,0.00,10.00,0.00,8AD60038SJ780780G,,,Bank of Scotland plc,7160,0.00,0.00,1800038391,8J607861E38941219
11/01/2021,20:10:53,Europe/London,Express Checkout Payment,GBP,-55.00,0.00,-55.00,-55.00,8LU25780PE518684G,pp.gbp-bv2@ableton.com,Ableton AG,,,0.00,0.00,ABLETONGBP 8288553-20210111-200819,0KX57543H4541832Y
11/01/2021,20:10:53,Europe/London,Bank Deposit to PP Account,GBP,55.00,0.00,55.00,0.00,5L5107196L044340B,,,Bank of Scotland plc,7160,0.00,0.00,ABLETONGBP 8288553-20210111-200819,8LU25780PE518684G
12/01/2021,18:24:04,Europe/London,Pre-approved Payment Bill User Payment,GBP,-9.99,0.00,-9.99,-9.99,9C303494WF343305P,premium-gbp@spotify.com,Spotify Finance Limited,,,0.00,0.00,P12FE582E9,B-62G64018SH768960T
12/01/2021,18:24:04,Europe/London,Bank Deposit to PP Account,GBP,9.99,0.00,9.99,0.00,7MG00906F9130252X,,,Bank of Scotland plc,7160,0.00,0.00,P12FE582E9,9C303494WF343305P
15/01/2021,16:27:21,Europe/London,Express Checkout Payment,GBP,-127.40,0.00,-127.40,-127.40,1M2029279M027611P,htricaud@volcom.com,VOLCOM,,,19.90,0.00,c18156103041121.1,
15/01/2021,16:27:21,Europe/London,Bank Deposit to PP Account,GBP,127.40,0.00,127.40,0.00,5HL164031A2775612,,,Bank of Scotland plc,7160,19.90,0.00,c18156103041121.1,1M2029279M027611P
16/01/2021,18:51:43,Europe/London,Bank Deposit to PP Account,GBP,26.86,0.00,26.86,26.86,2P411771A7371020B,,,Bank of Scotland plc,7160,0.00,0.00,3234429,0L727081E26854327
16/01/2021,18:51:43,Europe/London,General Currency Conversion,GBP,-26.86,0.00,-26.86,0.00,26D48565RU757621H,,,,,0.00,0.00,3234429,0L727081E26854327
18/01/2021,17:15:13,Europe/London,Payment Refund,GBP,45.00,0.00,45.00,45.00,0DV52431EC426114P,htricaud@volcom.com,VOLCOM,,,19.90,0.00,c18156103041121.1,1M2029279M027611P
18/01/2021,17:15:13,Europe/London,General Withdrawal - Bank Account,GBP,-45.00,0.00,-45.00,0.00,27421328CK363550P,,,Bank of Scotland plc,7160,19.90,0.00,c18156103041121.1,1M2029279M027611P
29/01/2021,14:30:52,Europe/London,Pre-approved Payment Bill User Payment,GBP,-34.95,0.00,-34.95,-34.95,7R5889111U525824A,epoch_gbp@epoch.com,Customer Service - Epoch,,,0.00,0.00,1257239568/MemberID : 2152436552,0TN35804YR518761P
29/01/2021,14:30:52,Europe/London,Bank Deposit to PP Account,GBP,34.95,0.00,34.95,0.00,4D185408PC2900010,,,Bank of Scotland plc,7160,0.00,0.00,1257239568/MemberID : 2152436552,7R5889111U525824A
30/01/2021,14:24:28,Europe/London,Pre-approved Payment Bill User Payment,GBP,-69.95,0.00,-69.95,-69.95,6EG67184E40428401,epoch_gbp@epoch.com,Customer Service - Epoch,,,0.00,0.00,1257436465/MemberID : 2152436548,3GS996229N3548607
30/01/2021,14:24:28,Europe/London,Bank Deposit to PP Account,GBP,69.95,0.00,69.95,0.00,4WV065380N927863W,,,Bank of Scotland plc,7160,0.00,0.00,1257436465/MemberID : 2152436548,6EG67184E40428401
06/02/2021,12:59:25,Europe/London,Express Checkout Payment,GBP,-6.94,0.00,-6.94,-6.94,7EC61070HB015114C,paypal@argofield.co.uk,Argofield Limited,,,0.00,0.00,316223,
06/02/2021,12:59:25,Europe/London,Bank Deposit to PP Account,GBP,6.94,0.00,6.94,0.00,30923097C7295370J,,,Bank of Scotland plc,7160,0.00,0.00,316223,7EC61070HB015114C
06/02/2021,13:13:56,Europe/London,Pre-approved Payment Bill User Payment,GBP,-9.99,0.00,-9.99,-9.99,8YY9706524570692B,premium-gbp@spotify.com,Spotify Finance Limited,,,0.00,0.00,P1353F62CE,B-37K37589RN914044V
06/02/2021,13:13:56,Europe/London,Bank Deposit to PP Account,GBP,9.99,0.00,9.99,0.00,69L02070FE789851F,,,Bank of Scotland plc,7160,0.00,0.00,P1353F62CE,8YY9706524570692B
12/02/2021,18:24:05,Europe/London,Pre-approved Payment Bill User Payment,GBP,-9.99,0.00,-9.99,-9.99,3JD70804R9725110L,premium-gbp@spotify.com,Spotify Finance Limited,,,0.00,0.00,P136963A6D,B-62G64018SH768960T
12/02/2021,18:24:05,Europe/London,Bank Deposit to PP Account,GBP,9.99,0.00,9.99,0.00,6GE553925K386484H,,,Bank of Scotland plc,7160,0.00,0.00,P136963A6D,3JD70804R9725110L
18/02/2021,09:17:21,Europe/London,eBay Auction Payment,GBP,-23.95,0.00,-23.95,-23.95,79J51701LU5985254,"To get contact details, please visit your order details on My eBay",Reflective Supplies,,,0.00,0.00,,
18/02/2021,09:17:21,Europe/London,Bank Deposit to PP Account,GBP,23.95,0.00,23.95,0.00,7G628155CS4054502,"To get contact details, please visit your order details on My eBay",,Bank of Scotland plc,7160,0.00,0.00,,79J51701LU5985254
22/02/2021,14:31:48,Europe/London,Pre-approved Payment Bill User Payment,GBP,-37.43,0.00,-37.43,-37.43,6WS91101X9791003H,epochrow_gbp@epoch.com,epoch.com,,,0.00,0.00,1262234855/MemberID : 2264863946,1A30455350696172H
22/02/2021,14:31:48,Europe/London,Bank Deposit to PP Account,GBP,37.43,0.00,37.43,0.00,0JL39192FK8659543,,,Bank of Scotland plc,7160,0.00,0.00,1262234855/MemberID : 2264863946,6WS91101X9791003H
05/03/2021,08:53:54,Europe/London,Express Checkout Payment,GBP,"-1,262.40",0.00,"-1,262.40","-1,262.40",2GJ7880238055680V,rcjf@astonandfincher.co.uk,Aston & Fincher,,,0.00,0.00,1000085105,
05/03/2021,08:53:54,Europe/London,Bank Deposit to PP Account,GBP,"1,262.40",0.00,"1,262.40",0.00,5EW461711M012541F,,,Bank of Scotland plc,7160,0.00,0.00,1000085105,2GJ7880238055680V
06/03/2021,13:13:58,Europe/London,Pre-approved Payment Bill User Payment,GBP,-9.99,0.00,-9.99,-9.99,8A877488R37079808,premium-gbp@spotify.com,Spotify AB,,,0.00,0.00,P13C2159CA,B-37K37589RN914044V
06/03/2021,13:13:58,Europe/London,Bank Deposit to PP Account,GBP,9.99,0.00,9.99,0.00,2GE16968ES2181224,,,Bank of Scotland plc,7160,0.00,0.00,P13C2159CA,8A877488R37079808
07/03/2021,07:21:47,Europe/London,Pre-approved Payment Bill User Payment,GBP,-14.39,0.00,-14.39,-14.39,4M196535RX558241G,123finance@heg.com,123-reg Limited,,,0.00,0.00,,B-96412555X24819038
07/03/2021,07:21:47,Europe/London,Bank Deposit to PP Account,GBP,14.39,0.00,14.39,0.00,0G417570B7749850F,,,Bank of Scotland plc,7160,0.00,0.00,,4M196535RX558241G
12/03/2021,18:24:05,Europe/London,Pre-approved Payment Bill User Payment,GBP,-9.99,0.00,-9.99,-9.99,7VV90021AK9460624,premium-gbp@spotify.com,Spotify AB,,,0.00,0.00,P13DA24637,B-62G64018SH768960T
12/03/2021,18:24:05,Europe/London,Bank Deposit to PP Account,GBP,9.99,0.00,9.99,0.00,1E150420UN556905N,,,Bank of Scotland plc,7160,0.00,0.00,P13DA24637,7VV90021AK9460624
29/03/2021,09:40:14,Europe/London,Express Checkout Payment,GBP,-377.70,0.00,-377.70,-377.70,154382703B115591C,payments@discountdisplays.co.uk,Discount Displays Ltd,,,9.95,0.00,4000076327,
29/03/2021,09:40:14,Europe/London,Bank Deposit to PP Account,GBP,377.70,0.00,377.70,0.00,6DB90863P1077651Y,,,Bank of Scotland plc,7160,9.95,0.00,4000076327,154382703B115591C
29/03/2021,11:17:17,Europe/London,Express Checkout Payment,GBP,-101.94,0.00,-101.94,-101.94,99A263938A626150R,payments@discountdisplays.co.uk,Discount Displays Ltd,,,9.95,0.00,4000076333,
29/03/2021,11:17:17,Europe/London,Bank Deposit to PP Account,GBP,101.94,0.00,101.94,0.00,9CA90399KA1119829,,,Bank of Scotland plc,7160,9.95,0.00,4000076333,99A263938A626150R
29/03/2021,13:46:40,Europe/London,Website Payment,GBP,-633.00,0.00,-633.00,-633.00,0ET82779V15899541,accounts@customneon.com,CUSTOM NEON PTY LTD,,,0.00,0.00,,
29/03/2021,13:46:40,Europe/London,Bank Deposit to PP Account,GBP,633.00,0.00,633.00,0.00,4C122384P8677600L,,,Bank of Scotland plc,7160,0.00,0.00,,0ET82779V15899541
06/04/2021,14:13:56,Europe/London,Pre-approved Payment Bill User Payment,GBP,-9.99,0.00,-9.99,-9.99,9WT90338PA973772H,premium-gbp@spotify.com,Spotify AB,,,0.00,0.00,P143C5ADF2,B-37K37589RN914044V
06/04/2021,14:13:56,Europe/London,Bank Deposit to PP Account,GBP,9.99,0.00,9.99,0.00,9A831814CH5859310,,,Bank of Scotland plc,7160,0.00,0.00,P143C5ADF2,9WT90338PA973772H
11/04/2021,08:50:06,Europe/London,Bank Deposit to PP Account,GBP,26.14,0.00,26.14,26.14,2NA07007CG1419827,,,Bank of Scotland plc,7160,0.00,0.00,,574805506R068934B
11/04/2021,08:50:06,Europe/London,General Currency Conversion,GBP,-26.14,0.00,-26.14,0.00,4RE92576HE428720E,,,,,0.00,0.00,,574805506R068934B
12/04/2021,19:24:05,Europe/London,Pre-approved Payment Bill User Payment,GBP,-9.99,0.00,-9.99,-9.99,2UJ14641ML9166025,premium-gbp@spotify.com,Spotify AB,,,0.00,0.00,P1453EEAAC,B-62G64018SH768960T
12/04/2021,19:24:05,Europe/London,Bank Deposit to PP Account,GBP,9.99,0.00,9.99,0.00,2FJ26892ND011734D,,,Bank of Scotland plc,7160,0.00,0.00,P1453EEAAC,2UJ14641ML9166025
20/04/2021,07:35:16,Europe/London,Pre-approved Payment Bill User Payment,GBP,-28.78,0.00,-28.78,-28.78,7PS95925BS015083Y,123finance@heg.com,123-reg Limited,,,0.00,0.00,,B-96412555X24819038
20/04/2021,07:35:16,Europe/London,Bank Deposit to PP Account,GBP,28.78,0.00,28.78,0.00,2D9595233P5752841,,,Bank of Scotland plc,7160,0.00,0.00,,7PS95925BS015083Y
21/04/2021,07:58:58,Europe/London,Express Checkout Payment,GBP,-88.66,0.00,-88.66,-88.66,79V47428AH210903H,sales@hairdressingsupplieslincoln.com,Hairdressing Supplies Lincoln Ltd,,,0.00,0.00,2000183473,
21/04/2021,07:58:58,Europe/London,Bank Deposit to PP Account,GBP,88.66,0.00,88.66,0.00,6WD036240Y812311G,,,Bank of Scotland plc,7160,0.00,0.00,2000183473,79V47428AH210903H
23/04/2021,14:15:35,Europe/London,Express Checkout Payment,GBP,-442.98,0.00,-442.98,-442.98,9VH37147AN218493W,sales@gompels.co.uk,Gompels HealthCare Ltd,,,0.00,0.00,,
23/04/2021,14:15:35,Europe/London,Bank Deposit to PP Account,GBP,442.98,0.00,442.98,0.00,1V862588G7562415T,,,Bank of Scotland plc,7160,0.00,0.00,,9VH37147AN218493W
24/04/2021,06:25:55,Europe/London,Express Checkout Payment,GBP,-31.97,0.00,-31.97,-31.97,78N99557H3110142V,buysparespay@hotmail.co.uk,Connect Distribution Services Ltd,,,3.98,0.00,33540922,
24/04/2021,06:25:55,Europe/London,Bank Deposit to PP Account,GBP,31.97,0.00,31.97,0.00,2Y4426001Y432720D,,,Bank of Scotland plc,7160,3.98,0.00,33540922,78N99557H3110142V
24/04/2021,08:56:52,Europe/London,Express Checkout Payment,GBP,"-1,659.60",0.00,"-1,659.60","-1,659.60",4YJ78835V8214571R,rcjf@astonandfincher.co.uk,Aston & Fincher,,,0.00,0.00,1000101332,
24/04/2021,08:56:52,Europe/London,Bank Deposit to PP Account,GBP,"1,659.60",0.00,"1,659.60",0.00,28U07100GU054310U,,,Bank of Scotland plc,7160,0.00,0.00,1000101332,4YJ78835V8214571R
25/04/2021,09:33:58,Europe/London,Express Checkout Payment,GBP,-236.00,0.00,-236.00,-236.00,5GT36485Y28649609,ecom@aarke.com,Aarke AB,,,0.00,0.00,1559193395720938,
25/04/2021,09:33:58,Europe/London,Bank Deposit to PP Account,GBP,236.00,0.00,236.00,0.00,1KV38397KH899950S,,,Bank of Scotland plc,7160,0.00,0.00,1559193395720938,5GT36485Y28649609
27/04/2021,10:02:56,Europe/London,Express Checkout Payment,GBP,-99.56,0.00,-99.56,-99.56,72G46214WT689122X,paypal.visiondirect@getlenses.com,Vision Direct,,,0.00,0.00,8008142549,
27/04/2021,10:02:56,Europe/London,Bank Deposit to PP Account,GBP,99.56,0.00,99.56,0.00,4AN31365S9697714P,,,Bank of Scotland plc,7160,0.00,0.00,8008142549,72G46214WT689122X
29/04/2021,08:12:32,Europe/London,Bank Deposit to PP Account,GBP,54.07,0.00,54.07,54.07,9CA24380V81311903,,,Bank of Scotland plc,7160,0.00,0.00,Aa_QkGp3rd5IQnYBSSQbxA==,5E050655X5568340H
29/04/2021,08:12:32,Europe/London,General Currency Conversion,GBP,-54.07,0.00,-54.07,0.00,5GR63447T8951953V,,,,,0.00,0.00,Aa_QkGp3rd5IQnYBSSQbxA==,5E050655X5568340H
06/05/2021,00:00:29,Europe/London,Pre-approved Payment Bill User Payment,GBP,-29.94,0.00,-29.94,-29.94,9KC8849336680082F,paypal-ads-ireland3@fb.com,Facebook,,,0.00,0.00,P3785666828212528,B-4XW44054NP5542146
06/05/2021,00:00:29,Europe/London,Bank Deposit to PP Account,GBP,29.94,0.00,29.94,0.00,12S47422AS2035905,,,Bank of Scotland plc,7160,0.00,0.00,P3785666828212528,9KC8849336680082F
06/05/2021,14:13:57,Europe/London,Pre-approved Payment Bill User Payment,GBP,-9.99,0.00,-9.99,-9.99,8NT10399A3953750V,premium-gbp@spotify.com,Spotify AB,,,0.00,0.00,P14B23663B,B-37K37589RN914044V
06/05/2021,14:13:57,Europe/London,Bank Deposit to PP Account,GBP,9.99,0.00,9.99,0.00,7H182216PC694452G,,,Bank of Scotland plc,7160,0.00,0.00,P14B23663B,8NT10399A3953750V
11/05/2021,12:37:55,Europe/London,Express Checkout Payment,GBP,-289.00,0.00,-289.00,-289.00,71N8553623680613E,paypal.uk.gb@ikea.com,IKEA Limited,,,0.00,0.00,1195441596,
11/05/2021,12:37:55,Europe/London,Bank Deposit to PP Account,GBP,289.00,0.00,289.00,0.00,2M3931903W473005N,,,Bank of Scotland plc,7160,0.00,0.00,1195441596,71N8553623680613E
11/05/2021,12:45:47,Europe/London,Express Checkout Payment,GBP,-738.30,0.00,-738.30,-738.30,0TL24098EV403882D,sales@gompels.co.uk,Gompels HealthCare Ltd,,,0.00,0.00,,
11/05/2021,12:45:47,Europe/London,Bank Deposit to PP Account,GBP,738.30,0.00,738.30,0.00,8YT20700YL816741H,,,Bank of Scotland plc,7160,0.00,0.00,,0TL24098EV403882D
12/05/2021,19:24:05,Europe/London,Pre-approved Payment Bill User Payment,GBP,-9.99,0.00,-9.99,-9.99,5TX91201AR959630F,premium-gbp@spotify.com,Spotify AB,,,0.00,0.00,P14C9D645D,B-62G64018SH768960T
12/05/2021,19:24:05,Europe/London,Bank Deposit to PP Account,GBP,9.99,0.00,9.99,0.00,2YF29554P4068094C,,,Bank of Scotland plc,7160,0.00,0.00,P14C9D645D,5TX91201AR959630F
21/05/2021,14:14:54,Europe/London,Express Checkout Payment,GBP,"-1,760.40",0.00,"-1,760.40","-1,760.40",1C095203N9573624L,rcjf@astonandfincher.co.uk,Aston & Fincher,,,0.00,0.00,1000117240,
21/05/2021,14:14:54,Europe/London,Bank Deposit to PP Account,GBP,"1,760.40",0.00,"1,760.40",0.00,2TE01620CP336772N,,,Bank of Scotland plc,7160,0.00,0.00,1000117240,1C095203N9573624L
22/05/2021,14:34:25,Europe/London,Pre-approved Payment Bill User Payment,GBP,-37.43,0.00,-37.43,-37.43,1XA96755XU010820G,epochrow_gbp@epoch.com,epoch.com,,,0.00,0.00,1281653482/MemberID : 2264863946,1MM79220VM8300848
22/05/2021,14:34:25,Europe/London,Bank Deposit to PP Account,GBP,37.43,0.00,37.43,0.00,3PY30231S2226293K,,,Bank of Scotland plc,7160,0.00,0.00,1281653482/MemberID : 2264863946,1XA96755XU010820G
01/06/2021,20:03:45,Europe/London,Express Checkout Payment,GBP,-73.59,0.00,-73.59,-73.59,9C0949909J584174G,epochrow_gbp@epoch.com,epoch.com,,,0.00,0.00,1283805616/MemberID : 2489962854,3V85594712557174F
01/06/2021,20:03:45,Europe/London,Bank Deposit to PP Account,GBP,73.59,0.00,73.59,0.00,5G0148723A1609816,,,Bank of Scotland plc,7160,0.00,0.00,1283805616/MemberID : 2489962854,9C0949909J584174G
06/06/2021,00:00:26,Europe/London,Pre-approved Payment Bill User Payment,GBP,-73.03,0.00,-73.03,-73.03,9HE46948801407037,paypal-ads-ireland3@fb.com,Facebook,,,0.00,0.00,P3877771142335429,B-4XW44054NP5542146
06/06/2021,00:00:26,Europe/London,Bank Deposit to PP Account,GBP,73.03,0.00,73.03,0.00,1XK8767148306802J,,,Bank of Scotland plc,7160,0.00,0.00,P3877771142335429,9HE46948801407037
06/06/2021,14:13:57,Europe/London,Pre-approved Payment Bill User Payment,GBP,-9.99,0.00,-9.99,-9.99,4TF07739H6609790H,premium-gbp@spotify.com,Spotify AB,,,0.00,0.00,P156209FC5,B-37K37589RN914044V
06/06/2021,14:13:57,Europe/London,Bank Deposit to PP Account,GBP,9.99,0.00,9.99,0.00,97133471JX155915R,,,Bank of Scotland plc,7160,0.00,0.00,P156209FC5,4TF07739H6609790H
12/06/2021,19:24:04,Europe/London,Pre-approved Payment Bill User Payment,GBP,-9.99,0.00,-9.99,-9.99,42199710490581842,premium-gbp@spotify.com,Spotify AB,,,0.00,0.00,P157ABF856,B-62G64018SH768960T
12/06/2021,19:24:04,Europe/London,Bank Deposit to PP Account,GBP,9.99,0.00,9.99,0.00,6FV59526PK811443W,,,Bank of Scotland plc,7160,0.00,0.00,P157ABF856,42199710490581842
13/06/2021,07:51:44,Europe/London,Pre-approved Payment Bill User Payment,GBP,-67.16,0.00,-67.16,-67.16,1XW63161K7841732G,123finance@heg.com,123-reg Limited,,,0.00,0.00,,B-96412555X24819038
13/06/2021,07:51:44,Europe/London,Bank Deposit to PP Account,GBP,67.16,0.00,67.16,0.00,9NG70677UR201960S,,,Bank of Scotland plc,7160,0.00,0.00,,1XW63161K7841732G
29/06/2021,14:30:05,Europe/London,Express Checkout Payment,GBP,-599.00,0.00,-599.00,-599.00,3UH2082151457750W,ebay@sevenoakssoundandvision.co.uk,Sevenoaks Sound & Vision Ltd,,,0.00,0.00,202484,
29/06/2021,14:30:05,Europe/London,Bank Deposit to PP Account,GBP,599.00,0.00,599.00,0.00,660090468S180540L,,,Bank of Scotland plc,7160,0.00,0.00,202484,3UH2082151457750W
02/07/2021,10:44:28,Europe/London,Express Checkout Payment,GBP,"-1,767.60",0.00,"-1,767.60","-1,767.60",7XV19616TS662070L,rcjf@astonandfincher.co.uk,Aston & Fincher,,,0.00,0.00,1000121650,
02/07/2021,10:44:28,Europe/London,Bank Deposit to PP Account,GBP,"1,767.60",0.00,"1,767.60",0.00,8U529352LG127690V,,,Bank of Scotland plc,7160,0.00,0.00,1000121650,7XV19616TS662070L
04/07/2021,21:01:13,Europe/London,Express Checkout Payment,GBP,-28.33,0.00,-28.33,-28.33,2J710440RV643715C,paypal@espares.co.uk,eSpares Ltd,,,3.99,0.00,,
04/07/2021,21:01:13,Europe/London,Bank Deposit to PP Account,GBP,28.33,0.00,28.33,0.00,7FP52070BW6543528,,,Bank of Scotland plc,7160,3.99,0.00,,2J710440RV643715C
05/07/2021,18:27:09,Europe/London,Express Checkout Payment,GBP,-133.50,0.00,-133.50,-133.50,7LW440347R913661R,noreply.eu@volcom.com,VOLCOM,,,0.00,0.00,c22778608615521.1,
05/07/2021,18:27:09,Europe/London,Bank Deposit to PP Account,GBP,133.50,0.00,133.50,0.00,56N27651TN231423P,,,Bank of Scotland plc,7160,0.00,0.00,c22778608615521.1,7LW440347R913661R
06/07/2021,00:00:15,Europe/London,Pre-approved Payment Bill User Payment,GBP,-118.40,0.00,-118.40,-118.40,1TH45664SM182144F,paypal-ads-ireland3@fb.com,Facebook,,,0.00,0.00,P3986081471504403,B-4XW44054NP5542146
06/07/2021,00:00:15,Europe/London,Bank Deposit to PP Account,GBP,118.40,0.00,118.40,0.00,75Y20845LG323684T,,,Bank of Scotland plc,7160,0.00,0.00,P3986081471504403,1TH45664SM182144F
06/07/2021,14:13:57,Europe/London,Pre-approved Payment Bill User Payment,GBP,-9.99,0.00,-9.99,-9.99,3H7679297D0191623,premium-gbp@spotify.com,Spotify AB,,,0.00,0.00,P15DCAFA27,B-37K37589RN914044V
06/07/2021,14:13:57,Europe/London,Bank Deposit to PP Account,GBP,9.99,0.00,9.99,0.00,2DD60759PX598582T,,,Bank of Scotland plc,7160,0.00,0.00,P15DCAFA27,3H7679297D0191623
12/07/2021,19:24:05,Europe/London,Pre-approved Payment Bill User Payment,GBP,-9.99,0.00,-9.99,-9.99,0R009902S1741214V,premium-gbp@spotify.com,Spotify AB,,,0.00,0.00,P15F437D73,B-62G64018SH768960T
12/07/2021,19:24:05,Europe/London,Bank Deposit to PP Account,GBP,9.99,0.00,9.99,0.00,9K751579B59827118,,,Bank of Scotland plc,7160,0.00,0.00,P15F437D73,0R009902S1741214V
16/07/2021,16:29:29,Europe/London,Express Checkout Payment,GBP,-125.94,0.00,-125.94,-125.94,5NG968026G1346001,payments@discountdisplays.co.uk,Discount Displays Ltd,,,9.95,0.00,4000079506,
16/07/2021,16:29:29,Europe/London,Bank Deposit to PP Account,GBP,125.94,0.00,125.94,0.00,8YJ87810BT0175641,,,Bank of Scotland plc,7160,9.95,0.00,4000079506,5NG968026G1346001
21/07/2021,12:35:43,Europe/London,Website Payment,GBP,-42.00,0.00,-42.00,-42.00,98G30544ND639623S,sales@vsglimited.co.uk,Visual Signs & Graphics Ltd,,,0.00,0.00,WC-205713,
21/07/2021,12:35:43,Europe/London,Bank Deposit to PP Account,GBP,42.00,0.00,42.00,0.00,84316607XB485672U,,,Bank of Scotland plc,7160,0.00,0.00,WC-205713,98G30544ND639623S
21/07/2021,17:18:52,Europe/London,Payment Refund,GBP,125.94,0.00,125.94,125.94,28H30681A5180890H,payments@discountdisplays.co.uk,Discount Displays Ltd,,,9.95,0.00,4000079506,5NG968026G1346001
21/07/2021,17:18:52,Europe/London,General Withdrawal - Bank Account,GBP,-125.94,0.00,-125.94,0.00,29T37387YG9456351,,,Bank of Scotland plc,7160,9.95,0.00,4000079506,5NG968026G1346001
06/08/2021,00:00:33,Europe/London,Pre-approved Payment Bill User Payment,GBP,-203.00,0.00,-203.00,-203.00,02313299EE197812C,paypal-ads-ireland3@fb.com,Facebook,,,0.00,0.00,P3982283055217573,B-4XW44054NP5542146
06/08/2021,00:00:33,Europe/London,Bank Deposit to PP Account,GBP,203.00,0.00,203.00,0.00,90930752716345905,,,Bank of Scotland plc,7160,0.00,0.00,P3982283055217573,02313299EE197812C
06/08/2021,14:13:57,Europe/London,Pre-approved Payment Bill User Payment,GBP,-9.99,0.00,-9.99,-9.99,78X60663GH600501C,premium-gbp@spotify.com,Spotify AB,,,0.00,0.00,P1652FE400,B-37K37589RN914044V
06/08/2021,14:13:57,Europe/London,Bank Deposit to PP Account,GBP,9.99,0.00,9.99,0.00,2CP76964M41841141,,,Bank of Scotland plc,7160,0.00,0.00,P1652FE400,78X60663GH600501C
07/08/2021,14:12:16,Europe/London,Bank Deposit to PP Account,GBP,132.58,0.00,132.58,132.58,60J53374L0492102Y,,,Bank of Scotland plc,7160,0.00,0.00,,1C753774B8208115F
07/08/2021,14:12:16,Europe/London,General Currency Conversion,GBP,-132.58,0.00,-132.58,0.00,5YX89979C45154346,,,,,0.00,0.00,,1C753774B8208115F
07/08/2021,18:58:40,Europe/London,Express Checkout Payment,GBP,"-1,794.00",0.00,"-1,794.00","-1,794.00",52E10520PS856920E,rcjf@astonandfincher.co.uk,Aston & Fincher,,,0.00,0.00,1000126732,
07/08/2021,18:58:40,Europe/London,Bank Deposit to PP Account,GBP,"1,794.00",0.00,"1,794.00",0.00,8MB06671YS588770L,,,Bank of Scotland plc,7160,0.00,0.00,1000126732,52E10520PS856920E
12/08/2021,19:24:05,Europe/London,Pre-approved Payment Bill User Payment,GBP,-9.99,0.00,-9.99,-9.99,1NN45891MA842380S,premium-gbp@spotify.com,Spotify AB,,,0.00,0.00,P166A693C5,B-62G64018SH768960T
12/08/2021,19:24:05,Europe/London,Bank Deposit to PP Account,GBP,9.99,0.00,9.99,0.00,06A82972HA7506509,,,Bank of Scotland plc,7160,0.00,0.00,P166A693C5,1NN45891MA842380S
18/08/2021,09:15:36,Europe/London,Express Checkout Payment,GBP,-229.95,0.00,-229.95,-229.95,7KJ45579WF121081C,sales@mpbphotographic.co.uk,MPB Europe Limited,,,0.00,0.00,4253643,0C88093311362515S
18/08/2021,09:15:36,Europe/London,Bank Deposit to PP Account,GBP,229.95,0.00,229.95,0.00,4PR04557JN156315D,,,Bank of Scotland plc,7160,0.00,0.00,4253643,7KJ45579WF121081C
19/08/2021,12:22:36,Europe/London,Express Checkout Payment,GBP,-99.18,0.00,-99.18,-99.18,0KR98478HG3796224,paypalaccommodations@booking.com,Booking.com BV,,,0.00,0.00,4756293721390482,
19/08/2021,12:22:36,Europe/London,Bank Deposit to PP Account,GBP,99.18,0.00,99.18,0.00,4DD53272ER221601S,,,Bank of Scotland plc,7160,0.00,0.00,4756293721390482,0KR98478HG3796224
20/08/2021,16:10:39,Europe/London,Express Checkout Payment,GBP,-111.58,0.00,-111.58,-111.58,4VB31227WS658763X,paypalaccommodations@booking.com,Booking.com BV,,,0.00,0.00,1659294721964221,
20/08/2021,16:10:39,Europe/London,Bank Deposit to PP Account,GBP,111.58,0.00,111.58,0.00,2LU89209S5465732L,,,Bank of Scotland plc,7160,0.00,0.00,1659294721964221,4VB31227WS658763X
20/08/2021,16:46:13,Europe/London,Express Checkout Payment,GBP,-335.98,0.00,-335.98,-335.98,06C58937FC416343E,paypal@cvp.com,Creative Video Productions Ltd.,,,0.00,0.00,3086061,
20/08/2021,16:46:13,Europe/London,Bank Deposit to PP Account,GBP,335.98,0.00,335.98,0.00,5L942949PX5629044,,,Bank of Scotland plc,7160,0.00,0.00,3086061,06C58937FC416343E
22/08/2021,14:29:01,Europe/London,Pre-approved Payment Bill User Payment,GBP,-37.43,0.00,-37.43,-37.43,6XT86627NK542721U,epochrow_gbp@epoch.com,epoch.com,,,0.00,0.00,1299004736/MemberID : 2264863946,2K365831F6115150H
22/08/2021,14:29:01,Europe/London,Bank Deposit to PP Account,GBP,37.43,0.00,37.43,0.00,81994232MS805013H,,,Bank of Scotland plc,7160,0.00,0.00,1299004736/MemberID : 2264863946,6XT86627NK542721U
24/08/2021,09:28:30,Europe/London,Express Checkout Payment,GBP,-344.95,0.00,-344.95,-344.95,4AL6454305447452F,sales@mpbphotographic.co.uk,MPB Europe Limited,,,0.00,0.00,4267454,4B019223K35253629
24/08/2021,09:28:30,Europe/London,Bank Deposit to PP Account,GBP,344.95,0.00,344.95,0.00,463076910W042424X,,,Bank of Scotland plc,7160,0.00,0.00,4267454,4AL6454305447452F
04/09/2021,12:37:03,Europe/London,Pre-approved Payment Bill User Payment,GBP,-99.99,0.00,-99.99,-99.99,0M25796296235730X,paypal.revenue@canva.com,Canva Pty Limited,,,0.00,0.00,1559307554067549,1S4810970B8124348
04/09/2021,12:37:03,Europe/London,Bank Deposit to PP Account,GBP,99.99,0.00,99.99,0.00,5LJ27057LP021004F,,,Bank of Scotland plc,7160,0.00,0.00,1559307554067549,0M25796296235730X
05/09/2021,08:59:32,Europe/London,Pre-approved Payment Bill User Payment,GBP,-432.00,0.00,-432.00,-432.00,19N82307X2625591B,paypalie@dropbox.com,Dropbox International Unlimited Company,,,0.00,0.00,,B-6WK164634C787940R
05/09/2021,08:59:32,Europe/London,Bank Deposit to PP Account,GBP,432.00,0.00,432.00,0.00,7XC31656HV659625N,,,Bank of Scotland plc,7160,0.00,0.00,,19N82307X2625591B
06/09/2021,00:00:11,Europe/London,Pre-approved Payment Bill User Payment,GBP,-125.27,0.00,-125.27,-125.27,18F60067P1344923X,paypal-ads-ireland3@fb.com,Facebook,,,0.00,0.00,P4085994488179768,B-4XW44054NP5542146
06/09/2021,00:00:11,Europe/London,Bank Deposit to PP Account,GBP,125.27,0.00,125.27,0.00,3R518238YX502634P,,,Bank of Scotland plc,7160,0.00,0.00,P4085994488179768,18F60067P1344923X
06/09/2021,14:13:57,Europe/London,Pre-approved Payment Bill User Payment,GBP,-9.99,0.00,-9.99,-9.99,5AL716686C1575426,premium-gbp@spotify.com,Spotify AB,,,0.00,0.00,P16CE44517,B-37K37589RN914044V
06/09/2021,14:13:57,Europe/London,Bank Deposit to PP Account,GBP,9.99,0.00,9.99,0.00,12D51698CU021711E,,,Bank of Scotland plc,7160,0.00,0.00,P16CE44517,5AL716686C1575426
09/09/2021,13:58:01,Europe/London,Express Checkout Payment,GBP,"-1,344.00",0.00,"-1,344.00","-1,344.00",1R8106940A267715C,rcjf@astonandfincher.co.uk,Aston & Fincher,,,0.00,0.00,1000129854,
09/09/2021,13:58:01,Europe/London,Bank Deposit to PP Account,GBP,"1,344.00",0.00,"1,344.00",0.00,8RK35161KX083682X,,,Bank of Scotland plc,7160,0.00,0.00,1000129854,1R8106940A267715C
12/09/2021,19:24:06,Europe/London,Pre-approved Payment Bill User Payment,GBP,-9.99,0.00,-9.99,-9.99,5J463125VA472135R,premium-gbp@spotify.com,Spotify AB,,,0.00,0.00,P16E8F297F,B-62G64018SH768960T
12/09/2021,19:24:06,Europe/London,Bank Deposit to PP Account,GBP,9.99,0.00,9.99,0.00,9M2396136W9443932,,,Bank of Scotland plc,7160,0.00,0.00,P16E8F297F,5J463125VA472135R
17/09/2021,15:27:06,Europe/London,Express Checkout Payment,GBP,-474.07,0.00,-474.07,-474.07,514249423C148400N,sales@salonsdirect.co.uk,Salons Direct Ltd,,,0.00,0.00,2000830533,
17/09/2021,15:27:06,Europe/London,Bank Deposit to PP Account,GBP,474.07,0.00,474.07,0.00,0TF60450CY2391041,,,Bank of Scotland plc,7160,0.00,0.00,2000830533,514249423C148400N
21/09/2021,10:15:21,Europe/London,Express Checkout Payment,GBP,-830.34,0.00,-830.34,-830.34,09G31956K84610255,sales@salonsdirect.co.uk,Salons Direct Ltd,,,0.00,0.00,2000832529,
21/09/2021,10:15:21,Europe/London,Bank Deposit to PP Account,GBP,830.34,0.00,830.34,0.00,3SC93163U9220313E,,,Bank of Scotland plc,7160,0.00,0.00,2000832529,09G31956K84610255
21/09/2021,21:44:39,Europe/London,Express Checkout Payment,GBP,-44.95,0.00,-44.95,-44.95,3NA90225BJ541274E,general@internetfusion.co.uk,Internet Fusion Ltd,,,0.00,0.00,,6K792095N8647501W
21/09/2021,21:44:39,Europe/London,Bank Deposit to PP Account,GBP,44.95,0.00,44.95,0.00,7F80009566295204K,,,Bank of Scotland plc,7160,0.00,0.00,,3NA90225BJ541274E
08/01/2019,10:37:06,Europe/London,Website Payment,EUR,-84.00,0.00,-84.00,-84.00,2U783564E08987014,info@airvpn.org,Air di Paolo Brini,,,0.00,0.00,,
08/01/2019,10:37:06,Europe/London,General Currency Conversion,EUR,84.00,0.00,84.00,0.00,7JV58957NV700360H,,,,,0.00,0.00,,2U783564E08987014
14/01/2019,16:59:06,Europe/London,Pre-approved Payment Bill User Payment,USD,-34.99,0.00,-34.99,-34.99,9WA24289Y4278194W,paypal@hush.com,Hush Communications Canada Inc.,,,0.00,0.00,2332292,B-8FE41146LT008363K
14/01/2019,16:59:06,Europe/London,General Currency Conversion,USD,34.99,0.00,34.99,0.00,119056903U218481V,,,,,0.00,0.00,2332292,9WA24289Y4278194W
10/04/2019,20:51:13,Europe/London,Express Checkout Payment,USD,-25.19,0.00,-25.19,-25.19,4CP17995SB050023W,loke@manning.com,Manning Publications Co.,,,0.00,0.00,,
10/04/2019,20:51:13,Europe/London,General Currency Conversion,USD,25.19,0.00,25.19,0.00,06N78019CE221445K,,,,,0.00,0.00,,4CP17995SB050023W
07/05/2019,15:59:45,Europe/London,Express Checkout Payment,USD,-31.00,0.00,-31.00,-31.00,9WT8845246612862W,paypal@envato.com,Envato Pty Ltd,,,0.00,0.00,872d5887b4224926bc85f51b15865e3c,22213204J1014964B
07/05/2019,15:59:45,Europe/London,General Currency Conversion,USD,31.00,0.00,31.00,0.00,1RN35823EK4112919,,,,,0.00,0.00,872d5887b4224926bc85f51b15865e3c,9WT8845246612862W
25/06/2019,14:13:18,Europe/London,Pre-approved Payment Bill User Payment,USD,-49.95,0.00,-49.95,-49.95,13E05032XM964415S,paypal@gumroad.com,Gumroad Inc,,,0.00,0.00,Yx1TCZN1e-GOrHGX-7oSww==,B-28753644C2747121J
25/06/2019,14:13:18,Europe/London,General Currency Conversion,USD,49.95,0.00,49.95,0.00,9XX39176AR4087335,,,,,0.00,0.00,Yx1TCZN1e-GOrHGX-7oSww==,13E05032XM964415S
15/07/2019,20:26:56,Europe/London,Express Checkout Payment,USD,-49.00,0.00,-49.00,-49.00,839347150X5810414,info@premiumbeat.com,premiumbeat.com,,,0.00,0.00,2129308,
15/07/2019,20:26:56,Europe/London,General Currency Conversion,USD,49.00,0.00,49.00,0.00,17083827HG0429005,,,,,0.00,0.00,2129308,839347150X5810414
18/07/2019,21:19:41,Europe/London,Express Checkout Payment,USD,-122.98,0.00,-122.98,-122.98,6NL92107952159646,laylalimited@hotmail.com,INTERNATIONAL FIDELITY LTD,,,19.98,0.00,8400152_1477230424,
18/07/2019,21:19:41,Europe/London,General Currency Conversion,USD,122.98,0.00,122.98,0.00,9JH5892064464025A,,,,,19.98,0.00,8400152_1477230424,6NL92107952159646
25/08/2019,08:33:14,Europe/London,Express Checkout Payment,USD,-16.79,0.00,-16.79,-16.79,86C26666KF4362259,paypal@packtpub.com,Packt Publishing Limited,,,0.00,0.00,100063185,
25/08/2019,08:33:14,Europe/London,General Currency Conversion,USD,16.79,0.00,16.79,0.00,5LC03630BH469002S,,,,,0.00,0.00,100063185,86C26666KF4362259
15/12/2019,19:51:05,Europe/London,Pre-approved Payment Bill User Payment,USD,-119.88,0.00,-119.88,-119.88,9SU74839M7609793M,paypalie@dropbox.com,Dropbox International Unlimited Company,,,0.00,0.00,,B-6WK164634C787940R
15/12/2019,19:51:05,Europe/London,General Currency Conversion,USD,119.88,0.00,119.88,0.00,9TF207005U7219107,,,,,0.00,0.00,,9SU74839M7609793M
14/01/2020,16:54:14,Europe/London,Pre-approved Payment Bill User Payment,USD,-34.99,0.00,-34.99,-34.99,0A915997UV456252Y,paypal@hush.com,Hush Communications Canada Inc.,,,0.00,0.00,2771079,B-8FE41146LT008363K
14/01/2020,16:54:14,Europe/London,General Currency Conversion,USD,34.99,0.00,34.99,0.00,1HT02789V71870114,,,,,0.00,0.00,2771079,0A915997UV456252Y
15/12/2020,19:50:08,Europe/London,Pre-approved Payment Bill User Payment,USD,-119.88,0.00,-119.88,-119.88,1D742880B4825183J,paypalie@dropbox.com,Dropbox International Unlimited Company,,,0.00,0.00,,B-6WK164634C787940R
15/12/2020,19:50:08,Europe/London,General Currency Conversion,USD,119.88,0.00,119.88,0.00,2CU40926FX572783S,,,,,0.00,0.00,,1D742880B4825183J
16/01/2021,18:51:43,Europe/London,Pre-approved Payment Bill User Payment,USD,-34.99,0.00,-34.99,-34.99,0L727081E26854327,paypal@hush.com,Hush Communications Canada Inc.,,,0.00,0.00,3234429,B-8FE41146LT008363K
16/01/2021,18:51:43,Europe/London,General Currency Conversion,USD,34.99,0.00,34.99,0.00,8XN21135E8132974B,,,,,0.00,0.00,3234429,0L727081E26854327
11/04/2021,08:50:06,Europe/London,Express Checkout Payment,USD,-34.30,0.00,-34.30,-34.30,574805506R068934B,julio@domestika.org,Domestika Inc,,,0.00,0.00,,
11/04/2021,08:50:06,Europe/London,General Currency Conversion,USD,34.30,0.00,34.30,0.00,5F01255665042512S,,,,,0.00,0.00,,574805506R068934B
29/04/2021,08:12:32,Europe/London,Pre-approved Payment Bill User Payment,USD,-71.94,0.00,-71.94,-71.94,5E050655X5568340H,paypal@gumroad.com,Gumroad Inc,,,0.00,0.00,Aa_QkGp3rd5IQnYBSSQbxA==,B-28753644C2747121J
29/04/2021,08:12:32,Europe/London,General Currency Conversion,USD,71.94,0.00,71.94,0.00,593915389Y779021R,,,,,0.00,0.00,Aa_QkGp3rd5IQnYBSSQbxA==,5E050655X5568340H
07/08/2021,14:12:16,Europe/London,Express Checkout Payment,USD,-176.40,0.00,-176.40,-176.40,1C753774B8208115F,payments@paddle.com,Paddle.com Market Limited,,,0.00,0.00,,
07/08/2021,14:12:16,Europe/London,General Currency Conversion,USD,176.40,0.00,176.40,0.00,8J27263685143290P,,,,,0.00,0.00,,1C753774B8208115F